"","values","Year","process","species","species_process"
"1",0.151057466850523,1970,"Recruitment","BBRKC","BBRKC_R"
"2",0.184499601449908,1971,"Recruitment","BBRKC","BBRKC_R"
"3",0.439731662332071,1972,"Recruitment","BBRKC","BBRKC_R"
"4",0.385886672135821,1973,"Recruitment","BBRKC","BBRKC_R"
"5",0.40808620318491,1974,"Recruitment","BBRKC","BBRKC_R"
"6",1,1975,"Recruitment","BBRKC","BBRKC_R"
"7",0.579157284739313,1976,"Recruitment","BBRKC","BBRKC_R"
"8",0.394305679193358,1977,"Recruitment","BBRKC","BBRKC_R"
"9",0.0991223170596894,1978,"Recruitment","BBRKC","BBRKC_R"
"10",0.150982702344173,1979,"Recruitment","BBRKC","BBRKC_R"
"11",0.0250803791171388,1980,"Recruitment","BBRKC","BBRKC_R"
"12",0.0149687560000698,1981,"Recruitment","BBRKC","BBRKC_R"
"13",0.0380510609578002,1982,"Recruitment","BBRKC","BBRKC_R"
"14",0.0525094110186009,1983,"Recruitment","BBRKC","BBRKC_R"
"15",0.0283471807671944,1984,"Recruitment","BBRKC","BBRKC_R"
"16",0.0126176886421951,1985,"Recruitment","BBRKC","BBRKC_R"
"17",0.0122908775665753,1986,"Recruitment","BBRKC","BBRKC_R"
"18",0.0163686850174257,1987,"Recruitment","BBRKC","BBRKC_R"
"19",0.08727927015878,1988,"Recruitment","BBRKC","BBRKC_R"
"20",0.0216633211731918,1989,"Recruitment","BBRKC","BBRKC_R"
"21",0.0286026601036812,1990,"Recruitment","BBRKC","BBRKC_R"
"22",0.0428612987496582,1991,"Recruitment","BBRKC","BBRKC_R"
"23",0.0965320323727403,1992,"Recruitment","BBRKC","BBRKC_R"
"24",0.0218863055861014,1993,"Recruitment","BBRKC","BBRKC_R"
"25",0.0482911801155504,1994,"Recruitment","BBRKC","BBRKC_R"
"26",0.0781929098811332,1995,"Recruitment","BBRKC","BBRKC_R"
"27",0.0385051753329493,1996,"Recruitment","BBRKC","BBRKC_R"
"28",0.0625037091340699,1997,"Recruitment","BBRKC","BBRKC_R"
"29",0.149563631285891,1998,"Recruitment","BBRKC","BBRKC_R"
"30",0.0749495266854014,1999,"Recruitment","BBRKC","BBRKC_R"
"31",0.0786109511092493,2000,"Recruitment","BBRKC","BBRKC_R"
"32",0.0226409616402809,2001,"Recruitment","BBRKC","BBRKC_R"
"33",0.0211641444554991,2002,"Recruitment","BBRKC","BBRKC_R"
"34",0.0367506821897564,2003,"Recruitment","BBRKC","BBRKC_R"
"35",0.0128852117551913,2004,"Recruitment","BBRKC","BBRKC_R"
"36",0.0413889907082555,2005,"Recruitment","BBRKC","BBRKC_R"
"37",0.00923175833318788,2006,"Recruitment","BBRKC","BBRKC_R"
"38",0.0162915059375236,2007,"Recruitment","BBRKC","BBRKC_R"
"39",0.0421744543936511,2008,"Recruitment","BBRKC","BBRKC_R"
"40",0.0430617374456721,2009,"Recruitment","BBRKC","BBRKC_R"
"41",0.0159206216217789,2010,"Recruitment","BBRKC","BBRKC_R"
"42",0.0100073891768922,2011,"Recruitment","BBRKC","BBRKC_R"
"43",0.0750813100370623,2012,"Recruitment","BBRKC","BBRKC_R"
"44",0.107284448400854,2013,"Recruitment","BBRKC","BBRKC_R"
"45",0.036455987851495,2014,"Recruitment","BBRKC","BBRKC_R"
"46",0.0286707918055774,2015,"Recruitment","BBRKC","BBRKC_R"
"47",0.00166788558994141,2016,"Recruitment","BBRKC","BBRKC_R"
"48",0.0022296753998592,2017,"Recruitment","BBRKC","BBRKC_R"
"49",0.0566168042682679,2018,"Recruitment","BBRKC","BBRKC_R"
"50",0.0727508,1975,"Other mortality","BBRKC","BBRKC_O"
"51",0.144444,1976,"Other mortality","BBRKC","BBRKC_O"
"52",0.275031,1977,"Other mortality","BBRKC","BBRKC_O"
"53",0.545896,1978,"Other mortality","BBRKC","BBRKC_O"
"54",0.278295,1979,"Other mortality","BBRKC","BBRKC_O"
"55",0.991353,1980,"Other mortality","BBRKC","BBRKC_O"
"56",0.394006,1981,"Other mortality","BBRKC","BBRKC_O"
"57",0.652565,1982,"Other mortality","BBRKC","BBRKC_O"
"58",0.430142,1983,"Other mortality","BBRKC","BBRKC_O"
"59",1.36717,1984,"Other mortality","BBRKC","BBRKC_O"
"60",0.198658,1985,"Other mortality","BBRKC","BBRKC_O"
"61",0.125555,1986,"Other mortality","BBRKC","BBRKC_O"
"62",0.263174,1987,"Other mortality","BBRKC","BBRKC_O"
"63",0.228393,1988,"Other mortality","BBRKC","BBRKC_O"
"64",0.316343,1989,"Other mortality","BBRKC","BBRKC_O"
"65",0.39786,1990,"Other mortality","BBRKC","BBRKC_O"
"66",0.137136,1991,"Other mortality","BBRKC","BBRKC_O"
"67",0.0945723,1992,"Other mortality","BBRKC","BBRKC_O"
"68",0.113957,1993,"Other mortality","BBRKC","BBRKC_O"
"69",0.107344,1994,"Other mortality","BBRKC","BBRKC_O"
"70",0.0993541,1995,"Other mortality","BBRKC","BBRKC_O"
"71",0.121662,1996,"Other mortality","BBRKC","BBRKC_O"
"72",0.246467,1997,"Other mortality","BBRKC","BBRKC_O"
"73",0.418219,1998,"Other mortality","BBRKC","BBRKC_O"
"74",0.247432,1999,"Other mortality","BBRKC","BBRKC_O"
"75",0.105953,2000,"Other mortality","BBRKC","BBRKC_O"
"76",0.0534937,2001,"Other mortality","BBRKC","BBRKC_O"
"77",0.0493759,2002,"Other mortality","BBRKC","BBRKC_O"
"78",0.06577,2003,"Other mortality","BBRKC","BBRKC_O"
"79",0.156413,2004,"Other mortality","BBRKC","BBRKC_O"
"80",0.550988,2005,"Other mortality","BBRKC","BBRKC_O"
"81",0.422565,2006,"Other mortality","BBRKC","BBRKC_O"
"82",0.427091,2007,"Other mortality","BBRKC","BBRKC_O"
"83",0.336612,2008,"Other mortality","BBRKC","BBRKC_O"
"84",0.115894,2009,"Other mortality","BBRKC","BBRKC_O"
"85",0.0703611,2010,"Other mortality","BBRKC","BBRKC_O"
"86",0.0761995,2011,"Other mortality","BBRKC","BBRKC_O"
"87",0.0759636,2012,"Other mortality","BBRKC","BBRKC_O"
"88",0.0943659,2013,"Other mortality","BBRKC","BBRKC_O"
"89",0.336742,2014,"Other mortality","BBRKC","BBRKC_O"
"90",0.613347,2015,"Other mortality","BBRKC","BBRKC_O"
"91",0.555782,2016,"Other mortality","BBRKC","BBRKC_O"
"92",0.455737,2017,"Other mortality","BBRKC","BBRKC_O"
"93",0.52765,2018,"Other mortality","BBRKC","BBRKC_O"
"94",0.858534,2019,"Other mortality","BBRKC","BBRKC_O"
"95",0.288621,2020,"Other mortality","BBRKC","BBRKC_O"
"96",0.780818,2021,"Other mortality","BBRKC","BBRKC_O"
"97",0.112597,2022,"Other mortality","BBRKC","BBRKC_O"
"98",0.0774199,2023,"Other mortality","BBRKC","BBRKC_O"
"99",0.479189,1975,"Fishing mortality","BBRKC","BBRKC_F"
"100",0.438681,1976,"Fishing mortality","BBRKC","BBRKC_F"
"101",0.390123,1977,"Fishing mortality","BBRKC","BBRKC_F"
"102",0.483973,1978,"Fishing mortality","BBRKC","BBRKC_F"
"103",0.687774,1979,"Fishing mortality","BBRKC","BBRKC_F"
"104",1.70142,1980,"Fishing mortality","BBRKC","BBRKC_F"
"105",2.6853,1981,"Fishing mortality","BBRKC","BBRKC_F"
"106",0.233788,1982,"Fishing mortality","BBRKC","BBRKC_F"
"107",NA,1983,"Fishing mortality","BBRKC","BBRKC_F"
"108",0.185253,1984,"Fishing mortality","BBRKC","BBRKC_F"
"109",0.360489,1985,"Fishing mortality","BBRKC","BBRKC_F"
"110",0.662867,1986,"Fishing mortality","BBRKC","BBRKC_F"
"111",0.375492,1987,"Fishing mortality","BBRKC","BBRKC_F"
"112",0.153931,1988,"Fishing mortality","BBRKC","BBRKC_F"
"113",0.189762,1989,"Fishing mortality","BBRKC","BBRKC_F"
"114",0.403548,1990,"Fishing mortality","BBRKC","BBRKC_F"
"115",0.499149,1991,"Fishing mortality","BBRKC","BBRKC_F"
"116",0.315337,1992,"Fishing mortality","BBRKC","BBRKC_F"
"117",0.574774,1993,"Fishing mortality","BBRKC","BBRKC_F"
"118",NA,1994,"Fishing mortality","BBRKC","BBRKC_F"
"119",NA,1995,"Fishing mortality","BBRKC","BBRKC_F"
"120",0.123814,1996,"Fishing mortality","BBRKC","BBRKC_F"
"121",0.118042,1997,"Fishing mortality","BBRKC","BBRKC_F"
"122",0.370436,1998,"Fishing mortality","BBRKC","BBRKC_F"
"123",0.312694,1999,"Fishing mortality","BBRKC","BBRKC_F"
"124",0.188254,2000,"Fishing mortality","BBRKC","BBRKC_F"
"125",0.153056,2001,"Fishing mortality","BBRKC","BBRKC_F"
"126",0.147827,2002,"Fishing mortality","BBRKC","BBRKC_F"
"127",0.214323,2003,"Fishing mortality","BBRKC","BBRKC_F"
"128",0.149275,2004,"Fishing mortality","BBRKC","BBRKC_F"
"129",0.176773,2005,"Fishing mortality","BBRKC","BBRKC_F"
"130",0.180163,2006,"Fishing mortality","BBRKC","BBRKC_F"
"131",0.317842,2007,"Fishing mortality","BBRKC","BBRKC_F"
"132",0.43313,2008,"Fishing mortality","BBRKC","BBRKC_F"
"133",0.414405,2009,"Fishing mortality","BBRKC","BBRKC_F"
"134",0.341433,2010,"Fishing mortality","BBRKC","BBRKC_F"
"135",0.168984,2011,"Fishing mortality","BBRKC","BBRKC_F"
"136",0.117699,2012,"Fishing mortality","BBRKC","BBRKC_F"
"137",0.124624,2013,"Fishing mortality","BBRKC","BBRKC_F"
"138",0.156206,2014,"Fishing mortality","BBRKC","BBRKC_F"
"139",0.17544,2015,"Fishing mortality","BBRKC","BBRKC_F"
"140",0.242638,2016,"Fishing mortality","BBRKC","BBRKC_F"
"141",0.295632,2017,"Fishing mortality","BBRKC","BBRKC_F"
"142",0.335992,2018,"Fishing mortality","BBRKC","BBRKC_F"
"143",0.514343,2019,"Fishing mortality","BBRKC","BBRKC_F"
"144",0.920655,2020,"Fishing mortality","BBRKC","BBRKC_F"
"145",0.0107135,2021,"Fishing mortality","BBRKC","BBRKC_F"
"146",0.00168933,2022,"Fishing mortality","BBRKC","BBRKC_F"
"147",NA,2023,"Fishing mortality","BBRKC","BBRKC_F"
"148",0.542601839022604,1975,"Spawner abundance","BBRKC","BBRKC_S"
"149",0.712463394851412,1976,"Spawner abundance","BBRKC","BBRKC_S"
"150",0.865143623489119,1977,"Spawner abundance","BBRKC","BBRKC_S"
"151",1,1978,"Spawner abundance","BBRKC","BBRKC_S"
"152",0.757239259412248,1979,"Spawner abundance","BBRKC","BBRKC_S"
"153",0.529791381997949,1980,"Spawner abundance","BBRKC","BBRKC_S"
"154",0.13493073802089,1981,"Spawner abundance","BBRKC","BBRKC_S"
"155",0.10254234297571,1982,"Spawner abundance","BBRKC","BBRKC_S"
"156",0.118102323671808,1983,"Spawner abundance","BBRKC","BBRKC_S"
"157",0.148838312271838,1984,"Spawner abundance","BBRKC","BBRKC_S"
"158",0.0801856393380139,1985,"Spawner abundance","BBRKC","BBRKC_S"
"159",0.137529923554909,1986,"Spawner abundance","BBRKC","BBRKC_S"
"160",0.184865700194999,1987,"Spawner abundance","BBRKC","BBRKC_S"
"161",0.182760348491501,1988,"Spawner abundance","BBRKC","BBRKC_S"
"162",0.179554106775104,1989,"Spawner abundance","BBRKC","BBRKC_S"
"163",0.1625472168233,1990,"Spawner abundance","BBRKC","BBRKC_S"
"164",0.104082645227208,1991,"Spawner abundance","BBRKC","BBRKC_S"
"165",0.083846945228257,1992,"Spawner abundance","BBRKC","BBRKC_S"
"166",0.101472424007415,1993,"Spawner abundance","BBRKC","BBRKC_S"
"167",0.112231260192793,1994,"Spawner abundance","BBRKC","BBRKC_S"
"168",0.1339415840415,1995,"Spawner abundance","BBRKC","BBRKC_S"
"169",0.145174879487393,1996,"Spawner abundance","BBRKC","BBRKC_S"
"170",0.144442012839784,1997,"Spawner abundance","BBRKC","BBRKC_S"
"171",0.171415841326854,1998,"Spawner abundance","BBRKC","BBRKC_S"
"172",0.168322087921657,1999,"Spawner abundance","BBRKC","BBRKC_S"
"173",0.143055838609535,2000,"Spawner abundance","BBRKC","BBRKC_S"
"174",0.149747986973286,2001,"Spawner abundance","BBRKC","BBRKC_S"
"175",0.198424308782181,2002,"Spawner abundance","BBRKC","BBRKC_S"
"176",0.264152964954346,2003,"Spawner abundance","BBRKC","BBRKC_S"
"177",0.280182748767974,2004,"Spawner abundance","BBRKC","BBRKC_S"
"178",0.334391765249239,2005,"Spawner abundance","BBRKC","BBRKC_S"
"179",0.264644453046246,2006,"Spawner abundance","BBRKC","BBRKC_S"
"180",0.206003985248062,2007,"Spawner abundance","BBRKC","BBRKC_S"
"181",0.169436644312621,2008,"Spawner abundance","BBRKC","BBRKC_S"
"182",0.156321332452485,2009,"Spawner abundance","BBRKC","BBRKC_S"
"183",0.153547798584715,2010,"Spawner abundance","BBRKC","BBRKC_S"
"184",0.153071823370669,2011,"Spawner abundance","BBRKC","BBRKC_S"
"185",0.152054094237143,2012,"Spawner abundance","BBRKC","BBRKC_S"
"186",0.169934355792698,2013,"Spawner abundance","BBRKC","BBRKC_S"
"187",0.195450634853983,2014,"Spawner abundance","BBRKC","BBRKC_S"
"188",0.167354202884278,2015,"Spawner abundance","BBRKC","BBRKC_S"
"189",0.111889441167097,2016,"Spawner abundance","BBRKC","BBRKC_S"
"190",0.0636466364752553,2017,"Spawner abundance","BBRKC","BBRKC_S"
"191",0.0427993689074056,2018,"Spawner abundance","BBRKC","BBRKC_S"
"192",0.0316535086459503,2019,"Spawner abundance","BBRKC","BBRKC_S"
"193",0.0148010271098084,2020,"Spawner abundance","BBRKC","BBRKC_S"
"194",0.00919387746262662,2021,"Spawner abundance","BBRKC","BBRKC_S"
"195",0.00991959405272053,2022,"Spawner abundance","BBRKC","BBRKC_S"
"196",0.0283878221743196,2023,"Spawner abundance","BBRKC","BBRKC_S"
"197",0.88299324332466,1975,"Abundance","BBRKC","BBRKC_A"
"198",0.924610801142667,1976,"Abundance","BBRKC","BBRKC_A"
"199",0.919869695397193,1977,"Abundance","BBRKC","BBRKC_A"
"200",1,1978,"Abundance","BBRKC","BBRKC_A"
"201",0.780575603546529,1979,"Abundance","BBRKC","BBRKC_A"
"202",0.858418395906655,1980,"Abundance","BBRKC","BBRKC_A"
"203",0.713127106245901,1981,"Abundance","BBRKC","BBRKC_A"
"204",0.86727583909137,1982,"Abundance","BBRKC","BBRKC_A"
"205",0.672601036585114,1983,"Abundance","BBRKC","BBRKC_A"
"206",0.504911568432658,1984,"Abundance","BBRKC","BBRKC_A"
"207",0.174522908414484,1985,"Abundance","BBRKC","BBRKC_A"
"208",0.159978969715768,1986,"Abundance","BBRKC","BBRKC_A"
"209",0.144714536590686,1987,"Abundance","BBRKC","BBRKC_A"
"210",0.133993617315807,1988,"Abundance","BBRKC","BBRKC_A"
"211",0.145229494284882,1989,"Abundance","BBRKC","BBRKC_A"
"212",0.122661524321389,1990,"Abundance","BBRKC","BBRKC_A"
"213",0.0844070384783205,1991,"Abundance","BBRKC","BBRKC_A"
"214",0.0768948172950568,1992,"Abundance","BBRKC","BBRKC_A"
"215",0.0802786876129618,1993,"Abundance","BBRKC","BBRKC_A"
"216",0.141479623478996,1994,"Abundance","BBRKC","BBRKC_A"
"217",0.146347140042572,1995,"Abundance","BBRKC","BBRKC_A"
"218",0.158115107245398,1996,"Abundance","BBRKC","BBRKC_A"
"219",0.174460398546373,1997,"Abundance","BBRKC","BBRKC_A"
"220",0.209948486976413,1998,"Abundance","BBRKC","BBRKC_A"
"221",0.146499324626635,1999,"Abundance","BBRKC","BBRKC_A"
"222",0.146954147304992,2000,"Abundance","BBRKC","BBRKC_A"
"223",0.197448159571517,2001,"Abundance","BBRKC","BBRKC_A"
"224",0.218754897991383,2002,"Abundance","BBRKC","BBRKC_A"
"225",0.261655402146837,2003,"Abundance","BBRKC","BBRKC_A"
"226",0.373976721808911,2004,"Abundance","BBRKC","BBRKC_A"
"227",0.376885859270825,2005,"Abundance","BBRKC","BBRKC_A"
"228",0.259695243885958,2006,"Abundance","BBRKC","BBRKC_A"
"229",0.180454979945849,2007,"Abundance","BBRKC","BBRKC_A"
"230",0.124614348146894,2008,"Abundance","BBRKC","BBRKC_A"
"231",0.107946658487249,2009,"Abundance","BBRKC","BBRKC_A"
"232",0.0993936942184793,2010,"Abundance","BBRKC","BBRKC_A"
"233",0.122920155803434,2011,"Abundance","BBRKC","BBRKC_A"
"234",0.118089591443381,2012,"Abundance","BBRKC","BBRKC_A"
"235",0.120996163408618,2013,"Abundance","BBRKC","BBRKC_A"
"236",0.144287679806102,2014,"Abundance","BBRKC","BBRKC_A"
"237",0.13069339293809,2015,"Abundance","BBRKC","BBRKC_A"
"238",0.077172682930803,2016,"Abundance","BBRKC","BBRKC_A"
"239",0.0477841378084119,2017,"Abundance","BBRKC","BBRKC_A"
"240",0.078066100884607,2018,"Abundance","BBRKC","BBRKC_A"
"241",0.111859400146711,2019,"Abundance","BBRKC","BBRKC_A"
"242",0.0637891480791671,2020,"Abundance","BBRKC","BBRKC_A"
"243",0.0684264538856356,2021,"Abundance","BBRKC","BBRKC_A"
"244",0.0321777726272988,2022,"Abundance","BBRKC","BBRKC_A"
"245",0.0307222283287517,2023,"Abundance","BBRKC","BBRKC_A"
"246",0.000408353631681602,1971,"Recruitment","PIRKC","PIRKC_R"
"247",1.14686177049534e-08,1972,"Recruitment","PIRKC","PIRKC_R"
"248",0.0220658475421771,1973,"Recruitment","PIRKC","PIRKC_R"
"249",9.70516911295469e-09,1974,"Recruitment","PIRKC","PIRKC_R"
"250",0.010412036995425,1975,"Recruitment","PIRKC","PIRKC_R"
"251",1.0073793109647e-08,1976,"Recruitment","PIRKC","PIRKC_R"
"252",9.82063151082628e-09,1977,"Recruitment","PIRKC","PIRKC_R"
"253",0.00663631052428162,1978,"Recruitment","PIRKC","PIRKC_R"
"254",0.00922163998669747,1979,"Recruitment","PIRKC","PIRKC_R"
"255",0.0190734964990967,1980,"Recruitment","PIRKC","PIRKC_R"
"256",0.288835758648894,1981,"Recruitment","PIRKC","PIRKC_R"
"257",0.0634176725958816,1982,"Recruitment","PIRKC","PIRKC_R"
"258",0.0398013608132522,1983,"Recruitment","PIRKC","PIRKC_R"
"259",0.202329741050001,1984,"Recruitment","PIRKC","PIRKC_R"
"260",0.0257067869886839,1985,"Recruitment","PIRKC","PIRKC_R"
"261",0.0586499725859946,1986,"Recruitment","PIRKC","PIRKC_R"
"262",0.142677764095742,1987,"Recruitment","PIRKC","PIRKC_R"
"263",1,1988,"Recruitment","PIRKC","PIRKC_R"
"264",0.353349452169302,1989,"Recruitment","PIRKC","PIRKC_R"
"265",0.298949279595891,1990,"Recruitment","PIRKC","PIRKC_R"
"266",0.234415812038793,1991,"Recruitment","PIRKC","PIRKC_R"
"267",0.0638072211186712,1992,"Recruitment","PIRKC","PIRKC_R"
"268",2.48160565177921e-08,1993,"Recruitment","PIRKC","PIRKC_R"
"269",2.14805360561583e-08,1994,"Recruitment","PIRKC","PIRKC_R"
"270",0.0224615080399436,1995,"Recruitment","PIRKC","PIRKC_R"
"271",0.0895109521198666,1996,"Recruitment","PIRKC","PIRKC_R"
"272",0.034375185381594,1997,"Recruitment","PIRKC","PIRKC_R"
"273",0.168951526645514,1998,"Recruitment","PIRKC","PIRKC_R"
"274",0.0386310973691543,1999,"Recruitment","PIRKC","PIRKC_R"
"275",0.0496553025877023,2000,"Recruitment","PIRKC","PIRKC_R"
"276",0.00218927348391562,2001,"Recruitment","PIRKC","PIRKC_R"
"277",0.0199360040267129,2002,"Recruitment","PIRKC","PIRKC_R"
"278",0.03570453993906,2003,"Recruitment","PIRKC","PIRKC_R"
"279",0.037273160340473,2004,"Recruitment","PIRKC","PIRKC_R"
"280",0.0333747988890587,2005,"Recruitment","PIRKC","PIRKC_R"
"281",0.0366637604824865,2006,"Recruitment","PIRKC","PIRKC_R"
"282",0.0683417672595882,2007,"Recruitment","PIRKC","PIRKC_R"
"283",0.00622768904428485,2008,"Recruitment","PIRKC","PIRKC_R"
"284",0.872606667445644,2009,"Recruitment","PIRKC","PIRKC_R"
"285",1.20093657028322e-07,2010,"Recruitment","PIRKC","PIRKC_R"
"286",0.0424091967247005,2011,"Recruitment","PIRKC","PIRKC_R"
"287",7.91693106950574e-08,2012,"Recruitment","PIRKC","PIRKC_R"
"288",1.77022389602452e-08,2013,"Recruitment","PIRKC","PIRKC_R"
"289",1.66624661819032e-08,2014,"Recruitment","PIRKC","PIRKC_R"
"290",4.77510628544721e-08,2015,"Recruitment","PIRKC","PIRKC_R"
"291",4.43364462460789e-08,2016,"Recruitment","PIRKC","PIRKC_R"
"292",0.152507617498225,2017,"Recruitment","PIRKC","PIRKC_R"
"293",0.000925662205524147,2018,"Recruitment","PIRKC","PIRKC_R"
"294",0.0744274,1976,"Other mortality","PIRKC","PIRKC_O"
"295",0.0953089,1977,"Other mortality","PIRKC","PIRKC_O"
"296",0.130287,1978,"Other mortality","PIRKC","PIRKC_O"
"297",0.201203,1979,"Other mortality","PIRKC","PIRKC_O"
"298",0.349075,1980,"Other mortality","PIRKC","PIRKC_O"
"299",0.528054,1981,"Other mortality","PIRKC","PIRKC_O"
"300",0.694492,1982,"Other mortality","PIRKC","PIRKC_O"
"301",0.595951,1983,"Other mortality","PIRKC","PIRKC_O"
"302",0.33166,1984,"Other mortality","PIRKC","PIRKC_O"
"303",0.168222,1985,"Other mortality","PIRKC","PIRKC_O"
"304",0.102546,1986,"Other mortality","PIRKC","PIRKC_O"
"305",0.0841041,1987,"Other mortality","PIRKC","PIRKC_O"
"306",0.0936182,1988,"Other mortality","PIRKC","PIRKC_O"
"307",0.128225,1989,"Other mortality","PIRKC","PIRKC_O"
"308",0.19361,1990,"Other mortality","PIRKC","PIRKC_O"
"309",0.285593,1991,"Other mortality","PIRKC","PIRKC_O"
"310",0.399203,1992,"Other mortality","PIRKC","PIRKC_O"
"311",0.581938,1993,"Other mortality","PIRKC","PIRKC_O"
"312",0.833588,1994,"Other mortality","PIRKC","PIRKC_O"
"313",0.922072,1995,"Other mortality","PIRKC","PIRKC_O"
"314",0.539049,1996,"Other mortality","PIRKC","PIRKC_O"
"315",0.371303,1997,"Other mortality","PIRKC","PIRKC_O"
"316",0.318347,1998,"Other mortality","PIRKC","PIRKC_O"
"317",0.352197,1999,"Other mortality","PIRKC","PIRKC_O"
"318",0.412734,2000,"Other mortality","PIRKC","PIRKC_O"
"319",0.50785,2001,"Other mortality","PIRKC","PIRKC_O"
"320",0.54326,2002,"Other mortality","PIRKC","PIRKC_O"
"321",0.47664,2003,"Other mortality","PIRKC","PIRKC_O"
"322",0.364352,2004,"Other mortality","PIRKC","PIRKC_O"
"323",0.274165,2005,"Other mortality","PIRKC","PIRKC_O"
"324",0.272804,2006,"Other mortality","PIRKC","PIRKC_O"
"325",0.307755,2007,"Other mortality","PIRKC","PIRKC_O"
"326",0.321732,2008,"Other mortality","PIRKC","PIRKC_O"
"327",0.272143,2009,"Other mortality","PIRKC","PIRKC_O"
"328",0.205243,2010,"Other mortality","PIRKC","PIRKC_O"
"329",0.159701,2011,"Other mortality","PIRKC","PIRKC_O"
"330",0.148503,2012,"Other mortality","PIRKC","PIRKC_O"
"331",0.177881,2013,"Other mortality","PIRKC","PIRKC_O"
"332",0.27466,2014,"Other mortality","PIRKC","PIRKC_O"
"333",0.476429,2015,"Other mortality","PIRKC","PIRKC_O"
"334",0.703862,2016,"Other mortality","PIRKC","PIRKC_O"
"335",0.743689,2017,"Other mortality","PIRKC","PIRKC_O"
"336",0.611692,2018,"Other mortality","PIRKC","PIRKC_O"
"337",0.431955,2019,"Other mortality","PIRKC","PIRKC_O"
"338",0.316684,2020,"Other mortality","PIRKC","PIRKC_O"
"339",0.270616,2021,"Other mortality","PIRKC","PIRKC_O"
"340",0.273903,2022,"Other mortality","PIRKC","PIRKC_O"
"341",0.0898956,2023,"Other mortality","PIRKC","PIRKC_O"
"342",NA,1976,"Fishing mortality","PIRKC","PIRKC_F"
"343",NA,1977,"Fishing mortality","PIRKC","PIRKC_F"
"344",NA,1978,"Fishing mortality","PIRKC","PIRKC_F"
"345",NA,1979,"Fishing mortality","PIRKC","PIRKC_F"
"346",NA,1980,"Fishing mortality","PIRKC","PIRKC_F"
"347",NA,1981,"Fishing mortality","PIRKC","PIRKC_F"
"348",NA,1982,"Fishing mortality","PIRKC","PIRKC_F"
"349",NA,1983,"Fishing mortality","PIRKC","PIRKC_F"
"350",NA,1984,"Fishing mortality","PIRKC","PIRKC_F"
"351",NA,1985,"Fishing mortality","PIRKC","PIRKC_F"
"352",NA,1986,"Fishing mortality","PIRKC","PIRKC_F"
"353",NA,1987,"Fishing mortality","PIRKC","PIRKC_F"
"354",NA,1988,"Fishing mortality","PIRKC","PIRKC_F"
"355",NA,1989,"Fishing mortality","PIRKC","PIRKC_F"
"356",NA,1990,"Fishing mortality","PIRKC","PIRKC_F"
"357",NA,1991,"Fishing mortality","PIRKC","PIRKC_F"
"358",NA,1992,"Fishing mortality","PIRKC","PIRKC_F"
"359",0.000268156,1993,"Fishing mortality","PIRKC","PIRKC_F"
"360",0.000201703,1994,"Fishing mortality","PIRKC","PIRKC_F"
"361",0.000237119,1995,"Fishing mortality","PIRKC","PIRKC_F"
"362",9.57461e-05,1996,"Fishing mortality","PIRKC","PIRKC_F"
"363",0.000531798,1997,"Fishing mortality","PIRKC","PIRKC_F"
"364",0.000419444,1998,"Fishing mortality","PIRKC","PIRKC_F"
"365",NA,1999,"Fishing mortality","PIRKC","PIRKC_F"
"366",NA,2000,"Fishing mortality","PIRKC","PIRKC_F"
"367",NA,2001,"Fishing mortality","PIRKC","PIRKC_F"
"368",NA,2002,"Fishing mortality","PIRKC","PIRKC_F"
"369",NA,2003,"Fishing mortality","PIRKC","PIRKC_F"
"370",NA,2004,"Fishing mortality","PIRKC","PIRKC_F"
"371",NA,2005,"Fishing mortality","PIRKC","PIRKC_F"
"372",NA,2006,"Fishing mortality","PIRKC","PIRKC_F"
"373",NA,2007,"Fishing mortality","PIRKC","PIRKC_F"
"374",NA,2008,"Fishing mortality","PIRKC","PIRKC_F"
"375",NA,2009,"Fishing mortality","PIRKC","PIRKC_F"
"376",NA,2010,"Fishing mortality","PIRKC","PIRKC_F"
"377",NA,2011,"Fishing mortality","PIRKC","PIRKC_F"
"378",NA,2012,"Fishing mortality","PIRKC","PIRKC_F"
"379",NA,2013,"Fishing mortality","PIRKC","PIRKC_F"
"380",NA,2014,"Fishing mortality","PIRKC","PIRKC_F"
"381",NA,2015,"Fishing mortality","PIRKC","PIRKC_F"
"382",NA,2016,"Fishing mortality","PIRKC","PIRKC_F"
"383",NA,2017,"Fishing mortality","PIRKC","PIRKC_F"
"384",NA,2018,"Fishing mortality","PIRKC","PIRKC_F"
"385",NA,2019,"Fishing mortality","PIRKC","PIRKC_F"
"386",NA,2020,"Fishing mortality","PIRKC","PIRKC_F"
"387",NA,2021,"Fishing mortality","PIRKC","PIRKC_F"
"388",NA,2022,"Fishing mortality","PIRKC","PIRKC_F"
"389",NA,2023,"Fishing mortality","PIRKC","PIRKC_F"
"390",0.00801599858432459,1976,"Spawner abundance","PIRKC","PIRKC_S"
"391",0.0191852678408418,1977,"Spawner abundance","PIRKC","PIRKC_S"
"392",0.0327566605056564,1978,"Spawner abundance","PIRKC","PIRKC_S"
"393",0.0424874817160589,1979,"Spawner abundance","PIRKC","PIRKC_S"
"394",0.0407581786107212,1980,"Spawner abundance","PIRKC","PIRKC_S"
"395",0.030466465227843,1981,"Spawner abundance","PIRKC","PIRKC_S"
"396",0.0185801589599976,1982,"Spawner abundance","PIRKC","PIRKC_S"
"397",0.0186861918310074,1983,"Spawner abundance","PIRKC","PIRKC_S"
"398",0.0179080600266598,1984,"Spawner abundance","PIRKC","PIRKC_S"
"399",0.0159600205172873,1985,"Spawner abundance","PIRKC","PIRKC_S"
"400",0.0166372892143466,1986,"Spawner abundance","PIRKC","PIRKC_S"
"401",0.0153525479320937,1987,"Spawner abundance","PIRKC","PIRKC_S"
"402",0.0198852684320252,1988,"Spawner abundance","PIRKC","PIRKC_S"
"403",0.038393297805952,1989,"Spawner abundance","PIRKC","PIRKC_S"
"404",0.0846781056321285,1990,"Spawner abundance","PIRKC","PIRKC_S"
"405",0.558164260071865,1991,"Spawner abundance","PIRKC","PIRKC_S"
"406",1,1992,"Spawner abundance","PIRKC","PIRKC_S"
"407",0.825353684761014,1993,"Spawner abundance","PIRKC","PIRKC_S"
"408",0.614893971078965,1994,"Spawner abundance","PIRKC","PIRKC_S"
"409",0.351294618285849,1995,"Spawner abundance","PIRKC","PIRKC_S"
"410",0.155735867356981,1996,"Spawner abundance","PIRKC","PIRKC_S"
"411",0.115447694757932,1997,"Spawner abundance","PIRKC","PIRKC_S"
"412",0.216581843065633,1998,"Spawner abundance","PIRKC","PIRKC_S"
"413",0.34462930493473,1999,"Spawner abundance","PIRKC","PIRKC_S"
"414",0.391838773307372,2000,"Spawner abundance","PIRKC","PIRKC_S"
"415",0.439024051758717,2001,"Spawner abundance","PIRKC","PIRKC_S"
"416",0.382025770660687,2002,"Spawner abundance","PIRKC","PIRKC_S"
"417",0.249939125415966,2003,"Spawner abundance","PIRKC","PIRKC_S"
"418",0.156776211183922,2004,"Spawner abundance","PIRKC","PIRKC_S"
"419",0.115878845758004,2005,"Spawner abundance","PIRKC","PIRKC_S"
"420",0.126900879867429,2006,"Spawner abundance","PIRKC","PIRKC_S"
"421",0.148090240568692,2007,"Spawner abundance","PIRKC","PIRKC_S"
"422",0.222013958652078,2008,"Spawner abundance","PIRKC","PIRKC_S"
"423",0.28682877215104,2009,"Spawner abundance","PIRKC","PIRKC_S"
"424",0.288088124862365,2010,"Spawner abundance","PIRKC","PIRKC_S"
"425",0.279574238188842,2011,"Spawner abundance","PIRKC","PIRKC_S"
"426",0.26078130943191,2012,"Spawner abundance","PIRKC","PIRKC_S"
"427",0.280991820832541,2013,"Spawner abundance","PIRKC","PIRKC_S"
"428",0.321614770705324,2014,"Spawner abundance","PIRKC","PIRKC_S"
"429",0.331160002756688,2015,"Spawner abundance","PIRKC","PIRKC_S"
"430",0.273074411456192,2016,"Spawner abundance","PIRKC","PIRKC_S"
"431",0.191949937662902,2017,"Spawner abundance","PIRKC","PIRKC_S"
"432",0.118736228156194,2018,"Spawner abundance","PIRKC","PIRKC_S"
"433",0.220591815756147,2019,"Spawner abundance","PIRKC","PIRKC_S"
"434",0.289669763371788,2020,"Spawner abundance","PIRKC","PIRKC_S"
"435",0.230328023808041,2021,"Spawner abundance","PIRKC","PIRKC_S"
"436",0.184861805140607,2022,"Spawner abundance","PIRKC","PIRKC_S"
"437",0.141293232384819,2023,"Spawner abundance","PIRKC","PIRKC_S"
"438",0.0118639147291773,1976,"Abundance","PIRKC","PIRKC_A"
"439",0.0114876635774401,1977,"Abundance","PIRKC","PIRKC_A"
"440",0.0104433622529088,1978,"Abundance","PIRKC","PIRKC_A"
"441",0.0336560159691357,1979,"Abundance","PIRKC","PIRKC_A"
"442",0.0275221169585124,1980,"Abundance","PIRKC","PIRKC_A"
"443",0.0290486930802811,1981,"Abundance","PIRKC","PIRKC_A"
"444",0.0171315372668734,1982,"Abundance","PIRKC","PIRKC_A"
"445",0.00855426196120037,1983,"Abundance","PIRKC","PIRKC_A"
"446",0.00971761755011694,1984,"Abundance","PIRKC","PIRKC_A"
"447",0.0156334470749677,1985,"Abundance","PIRKC","PIRKC_A"
"448",0.0337241664225438,1986,"Abundance","PIRKC","PIRKC_A"
"449",0.358448915234828,1987,"Abundance","PIRKC","PIRKC_A"
"450",0.402664897213898,1988,"Abundance","PIRKC","PIRKC_A"
"451",0.412214377070109,1989,"Abundance","PIRKC","PIRKC_A"
"452",0.587533532643336,1990,"Abundance","PIRKC","PIRKC_A"
"453",0.511183602495978,1991,"Abundance","PIRKC","PIRKC_A"
"454",0.441406316497572,1992,"Abundance","PIRKC","PIRKC_A"
"455",0.422785396994683,1993,"Abundance","PIRKC","PIRKC_A"
"456",0.999080256464556,1994,"Abundance","PIRKC","PIRKC_A"
"457",0.652820618905112,1995,"Abundance","PIRKC","PIRKC_A"
"458",0.431576888218138,1996,"Abundance","PIRKC","PIRKC_A"
"459",0.437040107485032,1997,"Abundance","PIRKC","PIRKC_A"
"460",0.359451218173963,1998,"Abundance","PIRKC","PIRKC_A"
"461",0.261439497129904,1999,"Abundance","PIRKC","PIRKC_A"
"462",0.183828914389427,2000,"Abundance","PIRKC","PIRKC_A"
"463",0.141383096208216,2001,"Abundance","PIRKC","PIRKC_A"
"464",0.157695736282263,2002,"Abundance","PIRKC","PIRKC_A"
"465",0.118676069646189,2003,"Abundance","PIRKC","PIRKC_A"
"466",0.214335962231243,2004,"Abundance","PIRKC","PIRKC_A"
"467",0.184189865212952,2005,"Abundance","PIRKC","PIRKC_A"
"468",0.188926118901603,2006,"Abundance","PIRKC","PIRKC_A"
"469",0.145977022908051,2007,"Abundance","PIRKC","PIRKC_A"
"470",0.126401433320947,2008,"Abundance","PIRKC","PIRKC_A"
"471",0.125430316369034,2009,"Abundance","PIRKC","PIRKC_A"
"472",0.132316429222886,2010,"Abundance","PIRKC","PIRKC_A"
"473",0.142569659413787,2011,"Abundance","PIRKC","PIRKC_A"
"474",0.161233678063401,2012,"Abundance","PIRKC","PIRKC_A"
"475",0.213689524087987,2013,"Abundance","PIRKC","PIRKC_A"
"476",0.185510769415126,2014,"Abundance","PIRKC","PIRKC_A"
"477",1,2015,"Abundance","PIRKC","PIRKC_A"
"478",0.620997592401162,2016,"Abundance","PIRKC","PIRKC_A"
"479",0.336427270978667,2017,"Abundance","PIRKC","PIRKC_A"
"480",0.159923183215629,2018,"Abundance","PIRKC","PIRKC_A"
"481",0.0867474964188485,2019,"Abundance","PIRKC","PIRKC_A"
"482",0.0563198533811503,2020,"Abundance","PIRKC","PIRKC_A"
"483",0.0410324468574472,2021,"Abundance","PIRKC","PIRKC_A"
"484",0.0313040953822425,2022,"Abundance","PIRKC","PIRKC_A"
"485",0.174035337360767,2023,"Abundance","PIRKC","PIRKC_A"
"486",0.237303790758062,1973,"Recruitment","SMBKC","SMBKC_R"
"487",0.192410397405141,1974,"Recruitment","SMBKC","SMBKC_R"
"488",0.323388770586808,1975,"Recruitment","SMBKC","SMBKC_R"
"489",0.490618794756373,1976,"Recruitment","SMBKC","SMBKC_R"
"490",0.314566430362004,1977,"Recruitment","SMBKC","SMBKC_R"
"491",0.244549269072841,1978,"Recruitment","SMBKC","SMBKC_R"
"492",0.147104594014214,1979,"Recruitment","SMBKC","SMBKC_R"
"493",0.17457523563079,1980,"Recruitment","SMBKC","SMBKC_R"
"494",0.233766408798081,1981,"Recruitment","SMBKC","SMBKC_R"
"495",0.281486473130453,1982,"Recruitment","SMBKC","SMBKC_R"
"496",0.242654339290367,1983,"Recruitment","SMBKC","SMBKC_R"
"497",0.404487093093255,1984,"Recruitment","SMBKC","SMBKC_R"
"498",0.386368006325418,1985,"Recruitment","SMBKC","SMBKC_R"
"499",0.271029767199475,1986,"Recruitment","SMBKC","SMBKC_R"
"500",0.384292478683163,1987,"Recruitment","SMBKC","SMBKC_R"
"501",0.467165332398897,1988,"Recruitment","SMBKC","SMBKC_R"
"502",0.303476284176573,1989,"Recruitment","SMBKC","SMBKC_R"
"503",0.25347673342498,1990,"Recruitment","SMBKC","SMBKC_R"
"504",0.503845566367467,1991,"Recruitment","SMBKC","SMBKC_R"
"505",0.625185764216466,1992,"Recruitment","SMBKC","SMBKC_R"
"506",0.185449742580663,1993,"Recruitment","SMBKC","SMBKC_R"
"507",0.0552659999820301,1994,"Recruitment","SMBKC","SMBKC_R"
"508",0.0748157632281194,1995,"Recruitment","SMBKC","SMBKC_R"
"509",0.29572045967097,1996,"Recruitment","SMBKC","SMBKC_R"
"510",0.166660377188963,1997,"Recruitment","SMBKC","SMBKC_R"
"511",0.170673962460803,1998,"Recruitment","SMBKC","SMBKC_R"
"512",0.156335750289765,1999,"Recruitment","SMBKC","SMBKC_R"
"513",0.278030854380621,2000,"Recruitment","SMBKC","SMBKC_R"
"514",0.272755779580761,2001,"Recruitment","SMBKC","SMBKC_R"
"515",0.286097558784154,2002,"Recruitment","SMBKC","SMBKC_R"
"516",0.193662003468198,2003,"Recruitment","SMBKC","SMBKC_R"
"517",0.263475205980395,2004,"Recruitment","SMBKC","SMBKC_R"
"518",0.430005301131207,2005,"Recruitment","SMBKC","SMBKC_R"
"519",0.379239332596566,2006,"Recruitment","SMBKC","SMBKC_R"
"520",0.156506464684583,2007,"Recruitment","SMBKC","SMBKC_R"
"521",0.0166519313189035,2008,"Recruitment","SMBKC","SMBKC_R"
"522",0.0823777819707629,2009,"Recruitment","SMBKC","SMBKC_R"
"523",0.172718941211353,2010,"Recruitment","SMBKC","SMBKC_R"
"524",0.274517731834641,2011,"Recruitment","SMBKC","SMBKC_R"
"525",0.273648885414701,2012,"Recruitment","SMBKC","SMBKC_R"
"526",0.36733335130327,2013,"Recruitment","SMBKC","SMBKC_R"
"527",1,2014,"Recruitment","SMBKC","SMBKC_R"
"528",0.586783111853868,2015,"Recruitment","SMBKC","SMBKC_R"
"529",0.118602478054215,2016,"Recruitment","SMBKC","SMBKC_R"
"530",0.0247296872332588,2017,"Recruitment","SMBKC","SMBKC_R"
"531",0.227777927527247,2018,"Recruitment","SMBKC","SMBKC_R"
"532",0.386356,1978,"Other mortality","SMBKC","SMBKC_O"
"533",0.161706,1979,"Other mortality","SMBKC","SMBKC_O"
"534",0.0911103,1980,"Other mortality","SMBKC","SMBKC_O"
"535",0.0898693,1981,"Other mortality","SMBKC","SMBKC_O"
"536",0.288689,1982,"Other mortality","SMBKC","SMBKC_O"
"537",1.15554,1983,"Other mortality","SMBKC","SMBKC_O"
"538",0.675062,1984,"Other mortality","SMBKC","SMBKC_O"
"539",0.162796,1985,"Other mortality","SMBKC","SMBKC_O"
"540",0.0596734,1986,"Other mortality","SMBKC","SMBKC_O"
"541",0.0421449,1987,"Other mortality","SMBKC","SMBKC_O"
"542",0.0466774,1988,"Other mortality","SMBKC","SMBKC_O"
"543",0.0740441,1989,"Other mortality","SMBKC","SMBKC_O"
"544",0.105296,1990,"Other mortality","SMBKC","SMBKC_O"
"545",0.143923,1991,"Other mortality","SMBKC","SMBKC_O"
"546",0.20893,1992,"Other mortality","SMBKC","SMBKC_O"
"547",0.625677,1993,"Other mortality","SMBKC","SMBKC_O"
"548",0.245966,1994,"Other mortality","SMBKC","SMBKC_O"
"549",0.081781,1995,"Other mortality","SMBKC","SMBKC_O"
"550",0.101799,1996,"Other mortality","SMBKC","SMBKC_O"
"551",0.442094,1997,"Other mortality","SMBKC","SMBKC_O"
"552",1.79064,1998,"Other mortality","SMBKC","SMBKC_O"
"553",0.270082,1999,"Other mortality","SMBKC","SMBKC_O"
"554",0.190084,2000,"Other mortality","SMBKC","SMBKC_O"
"555",0.579757,2001,"Other mortality","SMBKC","SMBKC_O"
"556",0.231277,2002,"Other mortality","SMBKC","SMBKC_O"
"557",0.0999623,2003,"Other mortality","SMBKC","SMBKC_O"
"558",0.0625211,2004,"Other mortality","SMBKC","SMBKC_O"
"559",0.050644,2005,"Other mortality","SMBKC","SMBKC_O"
"560",0.0526674,2006,"Other mortality","SMBKC","SMBKC_O"
"561",0.0628277,2007,"Other mortality","SMBKC","SMBKC_O"
"562",0.070159,2008,"Other mortality","SMBKC","SMBKC_O"
"563",0.0932995,2009,"Other mortality","SMBKC","SMBKC_O"
"564",0.239722,2010,"Other mortality","SMBKC","SMBKC_O"
"565",0.844916,2011,"Other mortality","SMBKC","SMBKC_O"
"566",0.884455,2012,"Other mortality","SMBKC","SMBKC_O"
"567",0.178318,2013,"Other mortality","SMBKC","SMBKC_O"
"568",0.148397,2014,"Other mortality","SMBKC","SMBKC_O"
"569",0.345184,2015,"Other mortality","SMBKC","SMBKC_O"
"570",0.538671,2016,"Other mortality","SMBKC","SMBKC_O"
"571",0.203277,2017,"Other mortality","SMBKC","SMBKC_O"
"572",0.129309,2018,"Other mortality","SMBKC","SMBKC_O"
"573",0.226816,2019,"Other mortality","SMBKC","SMBKC_O"
"574",0.488722,2020,"Other mortality","SMBKC","SMBKC_O"
"575",0.432701,2021,"Other mortality","SMBKC","SMBKC_O"
"576",0.315996,2022,"Other mortality","SMBKC","SMBKC_O"
"577",0.0505328,2023,"Other mortality","SMBKC","SMBKC_O"
"578",0.298423,1978,"Fishing mortality","SMBKC","SMBKC_F"
"579",0.0404283,1979,"Fishing mortality","SMBKC","SMBKC_F"
"580",NA,1980,"Fishing mortality","SMBKC","SMBKC_F"
"581",0.526004,1981,"Fishing mortality","SMBKC","SMBKC_F"
"582",0.840863,1982,"Fishing mortality","SMBKC","SMBKC_F"
"583",1.05371,1983,"Fishing mortality","SMBKC","SMBKC_F"
"584",1.13787,1984,"Fishing mortality","SMBKC","SMBKC_F"
"585",0.902334,1985,"Fishing mortality","SMBKC","SMBKC_F"
"586",0.42471,1986,"Fishing mortality","SMBKC","SMBKC_F"
"587",0.363831,1987,"Fishing mortality","SMBKC","SMBKC_F"
"588",0.368391,1988,"Fishing mortality","SMBKC","SMBKC_F"
"589",0.60859,1989,"Fishing mortality","SMBKC","SMBKC_F"
"590",0.374677,1990,"Fishing mortality","SMBKC","SMBKC_F"
"591",0.595262,1991,"Fishing mortality","SMBKC","SMBKC_F"
"592",0.471441,1992,"Fishing mortality","SMBKC","SMBKC_F"
"593",0.47426,1993,"Fishing mortality","SMBKC","SMBKC_F"
"594",0.77091,1994,"Fishing mortality","SMBKC","SMBKC_F"
"595",0.395271,1995,"Fishing mortality","SMBKC","SMBKC_F"
"596",0.388154,1996,"Fishing mortality","SMBKC","SMBKC_F"
"597",0.570148,1997,"Fishing mortality","SMBKC","SMBKC_F"
"598",0.65777,1998,"Fishing mortality","SMBKC","SMBKC_F"
"599",NA,1999,"Fishing mortality","SMBKC","SMBKC_F"
"600",NA,2000,"Fishing mortality","SMBKC","SMBKC_F"
"601",NA,2001,"Fishing mortality","SMBKC","SMBKC_F"
"602",NA,2002,"Fishing mortality","SMBKC","SMBKC_F"
"603",NA,2003,"Fishing mortality","SMBKC","SMBKC_F"
"604",NA,2004,"Fishing mortality","SMBKC","SMBKC_F"
"605",NA,2005,"Fishing mortality","SMBKC","SMBKC_F"
"606",NA,2006,"Fishing mortality","SMBKC","SMBKC_F"
"607",NA,2007,"Fishing mortality","SMBKC","SMBKC_F"
"608",NA,2008,"Fishing mortality","SMBKC","SMBKC_F"
"609",0.0723513,2009,"Fishing mortality","SMBKC","SMBKC_F"
"610",0.16276,2010,"Fishing mortality","SMBKC","SMBKC_F"
"611",0.250832,2011,"Fishing mortality","SMBKC","SMBKC_F"
"612",0.390122,2012,"Fishing mortality","SMBKC","SMBKC_F"
"613",NA,2013,"Fishing mortality","SMBKC","SMBKC_F"
"614",0.0975738,2014,"Fishing mortality","SMBKC","SMBKC_F"
"615",0.0343129,2015,"Fishing mortality","SMBKC","SMBKC_F"
"616",NA,2016,"Fishing mortality","SMBKC","SMBKC_F"
"617",NA,2017,"Fishing mortality","SMBKC","SMBKC_F"
"618",NA,2018,"Fishing mortality","SMBKC","SMBKC_F"
"619",NA,2019,"Fishing mortality","SMBKC","SMBKC_F"
"620",NA,2020,"Fishing mortality","SMBKC","SMBKC_F"
"621",NA,2021,"Fishing mortality","SMBKC","SMBKC_F"
"622",NA,2022,"Fishing mortality","SMBKC","SMBKC_F"
"623",NA,2023,"Fishing mortality","SMBKC","SMBKC_F"
"624",0.50817647337186,1978,"Spawner abundance","SMBKC","SMBKC_S"
"625",0.546023156404336,1979,"Spawner abundance","SMBKC","SMBKC_S"
"626",0.72590189983437,1980,"Spawner abundance","SMBKC","SMBKC_S"
"627",0.909856187549786,1981,"Spawner abundance","SMBKC","SMBKC_S"
"628",1,1982,"Spawner abundance","SMBKC","SMBKC_S"
"629",0.858938292119808,1983,"Spawner abundance","SMBKC","SMBKC_S"
"630",0.308100044543329,1984,"Spawner abundance","SMBKC","SMBKC_S"
"631",0.187252620717742,1985,"Spawner abundance","SMBKC","SMBKC_S"
"632",0.201336111655998,1986,"Spawner abundance","SMBKC","SMBKC_S"
"633",0.237130467846417,1987,"Spawner abundance","SMBKC","SMBKC_S"
"634",0.279695221310743,1988,"Spawner abundance","SMBKC","SMBKC_S"
"635",0.340953581159,1989,"Spawner abundance","SMBKC","SMBKC_S"
"636",0.437015810834246,1990,"Spawner abundance","SMBKC","SMBKC_S"
"637",0.574520235300943,1991,"Spawner abundance","SMBKC","SMBKC_S"
"638",0.708019816360068,1992,"Spawner abundance","SMBKC","SMBKC_S"
"639",0.777957075815556,1993,"Spawner abundance","SMBKC","SMBKC_S"
"640",0.560034281589824,1994,"Spawner abundance","SMBKC","SMBKC_S"
"641",0.56447594752516,1995,"Spawner abundance","SMBKC","SMBKC_S"
"642",0.645904167419129,1996,"Spawner abundance","SMBKC","SMBKC_S"
"643",0.724493498612965,1997,"Spawner abundance","SMBKC","SMBKC_S"
"644",0.589198530402654,1998,"Spawner abundance","SMBKC","SMBKC_S"
"645",0.124031058596276,1999,"Spawner abundance","SMBKC","SMBKC_S"
"646",0.121614891729641,2000,"Spawner abundance","SMBKC","SMBKC_S"
"647",0.135336295033542,2001,"Spawner abundance","SMBKC","SMBKC_S"
"648",0.103359674885067,2002,"Spawner abundance","SMBKC","SMBKC_S"
"649",0.104397704279728,2003,"Spawner abundance","SMBKC","SMBKC_S"
"650",0.117076587282905,2004,"Spawner abundance","SMBKC","SMBKC_S"
"651",0.148293670359931,2005,"Spawner abundance","SMBKC","SMBKC_S"
"652",0.235307660490065,2006,"Spawner abundance","SMBKC","SMBKC_S"
"653",0.354923863871889,2007,"Spawner abundance","SMBKC","SMBKC_S"
"654",0.491615253220849,2008,"Spawner abundance","SMBKC","SMBKC_S"
"655",0.637102992662489,2009,"Spawner abundance","SMBKC","SMBKC_S"
"656",0.806290577994113,2010,"Spawner abundance","SMBKC","SMBKC_S"
"657",0.851621437478651,2011,"Spawner abundance","SMBKC","SMBKC_S"
"658",0.469154258809382,2012,"Spawner abundance","SMBKC","SMBKC_S"
"659",0.234283342205833,2013,"Spawner abundance","SMBKC","SMBKC_S"
"660",0.238279089476417,2014,"Spawner abundance","SMBKC","SMBKC_S"
"661",0.25625279345228,2015,"Spawner abundance","SMBKC","SMBKC_S"
"662",0.229625272352233,2016,"Spawner abundance","SMBKC","SMBKC_S"
"663",0.164531290032986,2017,"Spawner abundance","SMBKC","SMBKC_S"
"664",0.154925911860017,2018,"Spawner abundance","SMBKC","SMBKC_S"
"665",0.163005633892195,2019,"Spawner abundance","SMBKC","SMBKC_S"
"666",0.176223804500273,2020,"Spawner abundance","SMBKC","SMBKC_S"
"667",0.168930071174906,2021,"Spawner abundance","SMBKC","SMBKC_S"
"668",0.180371620677229,2022,"Spawner abundance","SMBKC","SMBKC_S"
"669",0.229878652103065,2023,"Spawner abundance","SMBKC","SMBKC_S"
"670",0.895049261614412,1978,"Abundance","SMBKC","SMBKC_A"
"671",0.706153519603261,1979,"Abundance","SMBKC","SMBKC_A"
"672",0.698137812624815,1980,"Abundance","SMBKC","SMBKC_A"
"673",0.811518711950951,1981,"Abundance","SMBKC","SMBKC_A"
"674",1,1982,"Abundance","SMBKC","SMBKC_A"
"675",0.88342404577653,1983,"Abundance","SMBKC","SMBKC_A"
"676",0.328004422678844,1984,"Abundance","SMBKC","SMBKC_A"
"677",0.212787803722346,1985,"Abundance","SMBKC","SMBKC_A"
"678",0.267001323904593,1986,"Abundance","SMBKC","SMBKC_A"
"679",0.379437327105542,1987,"Abundance","SMBKC","SMBKC_A"
"680",0.520271683841286,1988,"Abundance","SMBKC","SMBKC_A"
"681",0.63040646768536,1989,"Abundance","SMBKC","SMBKC_A"
"682",0.802984723714483,1990,"Abundance","SMBKC","SMBKC_A"
"683",0.92595136489946,1991,"Abundance","SMBKC","SMBKC_A"
"684",0.937082025851606,1992,"Abundance","SMBKC","SMBKC_A"
"685",0.944212581040775,1993,"Abundance","SMBKC","SMBKC_A"
"686",0.663663856414836,1994,"Abundance","SMBKC","SMBKC_A"
"687",0.657874853631621,1995,"Abundance","SMBKC","SMBKC_A"
"688",0.740770813198343,1996,"Abundance","SMBKC","SMBKC_A"
"689",0.934493723307743,1997,"Abundance","SMBKC","SMBKC_A"
"690",0.847898591070918,1998,"Abundance","SMBKC","SMBKC_A"
"691",0.164794146654989,1999,"Abundance","SMBKC","SMBKC_A"
"692",0.151447345967739,2000,"Abundance","SMBKC","SMBKC_A"
"693",0.162348198005606,2001,"Abundance","SMBKC","SMBKC_A"
"694",0.197091731715257,2002,"Abundance","SMBKC","SMBKC_A"
"695",0.236301081159083,2003,"Abundance","SMBKC","SMBKC_A"
"696",0.305074225190113,2004,"Abundance","SMBKC","SMBKC_A"
"697",0.372808959901703,2005,"Abundance","SMBKC","SMBKC_A"
"698",0.509260591872643,2006,"Abundance","SMBKC","SMBKC_A"
"699",0.634802626397163,2007,"Abundance","SMBKC","SMBKC_A"
"700",0.753898509197887,2008,"Abundance","SMBKC","SMBKC_A"
"701",0.808953992920091,2009,"Abundance","SMBKC","SMBKC_A"
"702",0.877930887904858,2010,"Abundance","SMBKC","SMBKC_A"
"703",0.894017378077703,2011,"Abundance","SMBKC","SMBKC_A"
"704",0.491966165478464,2012,"Abundance","SMBKC","SMBKC_A"
"705",0.245630960370858,2013,"Abundance","SMBKC","SMBKC_A"
"706",0.213856073272856,2014,"Abundance","SMBKC","SMBKC_A"
"707",0.226316603637364,2015,"Abundance","SMBKC","SMBKC_A"
"708",0.235479303969252,2016,"Abundance","SMBKC","SMBKC_A"
"709",0.239385847428168,2017,"Abundance","SMBKC","SMBKC_A"
"710",0.329636180082552,2018,"Abundance","SMBKC","SMBKC_A"
"711",0.481323644136154,2019,"Abundance","SMBKC","SMBKC_A"
"712",0.864873832261725,2020,"Abundance","SMBKC","SMBKC_A"
"713",0.757728067953904,2021,"Abundance","SMBKC","SMBKC_A"
"714",0.539688865858546,2022,"Abundance","SMBKC","SMBKC_A"
"715",0.404518119842548,2023,"Abundance","SMBKC","SMBKC_A"
"716",2.91715741756821e-05,1970,"Recruitment","PIBKC","PIBKC_R"
"717",0.386445507977455,1971,"Recruitment","PIBKC","PIBKC_R"
"718",0.469055402664706,1972,"Recruitment","PIBKC","PIBKC_R"
"719",0.423141227097493,1973,"Recruitment","PIBKC","PIBKC_R"
"720",0.232773350646068,1974,"Recruitment","PIBKC","PIBKC_R"
"721",0.0838658339701125,1975,"Recruitment","PIBKC","PIBKC_R"
"722",1.80268366532033e-11,1976,"Recruitment","PIBKC","PIBKC_R"
"723",0.0096947194245431,1977,"Recruitment","PIBKC","PIBKC_R"
"724",0.0142877456866587,1978,"Recruitment","PIBKC","PIBKC_R"
"725",0.332674530171844,1979,"Recruitment","PIBKC","PIBKC_R"
"726",0.393161852998799,1980,"Recruitment","PIBKC","PIBKC_R"
"727",0.103125197497314,1981,"Recruitment","PIBKC","PIBKC_R"
"728",1,1982,"Recruitment","PIBKC","PIBKC_R"
"729",0.129304005101894,1983,"Recruitment","PIBKC","PIBKC_R"
"730",0.462767088185782,1984,"Recruitment","PIBKC","PIBKC_R"
"731",0.269392943528695,1985,"Recruitment","PIBKC","PIBKC_R"
"732",0.353130942873722,1986,"Recruitment","PIBKC","PIBKC_R"
"733",0.211730622281719,1987,"Recruitment","PIBKC","PIBKC_R"
"734",0.394497653013737,1988,"Recruitment","PIBKC","PIBKC_R"
"735",0.30409415522858,1989,"Recruitment","PIBKC","PIBKC_R"
"736",0.195776573802233,1990,"Recruitment","PIBKC","PIBKC_R"
"737",0.0583339557491109,1991,"Recruitment","PIBKC","PIBKC_R"
"738",2.92663728864197e-11,1992,"Recruitment","PIBKC","PIBKC_R"
"739",0.0615200542363533,1993,"Recruitment","PIBKC","PIBKC_R"
"740",0.0505001350163456,1994,"Recruitment","PIBKC","PIBKC_R"
"741",5.65253112557669e-12,1995,"Recruitment","PIBKC","PIBKC_R"
"742",0.154024636174039,1996,"Recruitment","PIBKC","PIBKC_R"
"743",0.0665699528304597,1997,"Recruitment","PIBKC","PIBKC_R"
"744",0.369094471224282,1998,"Recruitment","PIBKC","PIBKC_R"
"745",0.286203914899485,1999,"Recruitment","PIBKC","PIBKC_R"
"746",7.95082532332106e-09,2000,"Recruitment","PIBKC","PIBKC_R"
"747",0.0685156245511425,2001,"Recruitment","PIBKC","PIBKC_R"
"748",0.0322778119308487,2002,"Recruitment","PIBKC","PIBKC_R"
"749",0.0358537342073966,2003,"Recruitment","PIBKC","PIBKC_R"
"750",0.0446680034242443,2004,"Recruitment","PIBKC","PIBKC_R"
"751",0.0345705043865949,2005,"Recruitment","PIBKC","PIBKC_R"
"752",0.0591693334788829,2006,"Recruitment","PIBKC","PIBKC_R"
"753",0.0411156371909706,2007,"Recruitment","PIBKC","PIBKC_R"
"754",0.0510873124852775,2008,"Recruitment","PIBKC","PIBKC_R"
"755",0.091143502266551,2009,"Recruitment","PIBKC","PIBKC_R"
"756",0.0200397580047457,2010,"Recruitment","PIBKC","PIBKC_R"
"757",4.81347635490339e-11,2011,"Recruitment","PIBKC","PIBKC_R"
"758",0.0571271394345401,2012,"Recruitment","PIBKC","PIBKC_R"
"759",0.0137025216457056,2013,"Recruitment","PIBKC","PIBKC_R"
"760",3.33392702222886e-09,2014,"Recruitment","PIBKC","PIBKC_R"
"761",7.21056229998908e-10,2015,"Recruitment","PIBKC","PIBKC_R"
"762",1.86597473183456e-08,2016,"Recruitment","PIBKC","PIBKC_R"
"763",3.50120365635755e-09,2017,"Recruitment","PIBKC","PIBKC_R"
"764",0.00172275398872757,2018,"Recruitment","PIBKC","PIBKC_R"
"765",0.00524331,1975,"Other mortality","PIBKC","PIBKC_O"
"766",0.0102322,1976,"Other mortality","PIBKC","PIBKC_O"
"767",0.0202054,1977,"Other mortality","PIBKC","PIBKC_O"
"768",0.0407565,1978,"Other mortality","PIBKC","PIBKC_O"
"769",0.0836281,1979,"Other mortality","PIBKC","PIBKC_O"
"770",0.170328,1980,"Other mortality","PIBKC","PIBKC_O"
"771",0.322441,1981,"Other mortality","PIBKC","PIBKC_O"
"772",0.513719,1982,"Other mortality","PIBKC","PIBKC_O"
"773",0.622162,1983,"Other mortality","PIBKC","PIBKC_O"
"774",0.52234,1984,"Other mortality","PIBKC","PIBKC_O"
"775",0.326185,1985,"Other mortality","PIBKC","PIBKC_O"
"776",0.1874,1986,"Other mortality","PIBKC","PIBKC_O"
"777",0.117292,1987,"Other mortality","PIBKC","PIBKC_O"
"778",0.0872898,1988,"Other mortality","PIBKC","PIBKC_O"
"779",0.0798268,1989,"Other mortality","PIBKC","PIBKC_O"
"780",0.0883889,1990,"Other mortality","PIBKC","PIBKC_O"
"781",0.11285,1991,"Other mortality","PIBKC","PIBKC_O"
"782",0.154378,1992,"Other mortality","PIBKC","PIBKC_O"
"783",0.209985,1993,"Other mortality","PIBKC","PIBKC_O"
"784",0.270198,1994,"Other mortality","PIBKC","PIBKC_O"
"785",0.328043,1995,"Other mortality","PIBKC","PIBKC_O"
"786",0.375795,1996,"Other mortality","PIBKC","PIBKC_O"
"787",0.413928,1997,"Other mortality","PIBKC","PIBKC_O"
"788",0.450005,1998,"Other mortality","PIBKC","PIBKC_O"
"789",0.481047,1999,"Other mortality","PIBKC","PIBKC_O"
"790",0.514855,2000,"Other mortality","PIBKC","PIBKC_O"
"791",0.536952,2001,"Other mortality","PIBKC","PIBKC_O"
"792",0.535117,2002,"Other mortality","PIBKC","PIBKC_O"
"793",0.512914,2003,"Other mortality","PIBKC","PIBKC_O"
"794",0.469476,2004,"Other mortality","PIBKC","PIBKC_O"
"795",0.42237,2005,"Other mortality","PIBKC","PIBKC_O"
"796",0.374623,2006,"Other mortality","PIBKC","PIBKC_O"
"797",0.336827,2007,"Other mortality","PIBKC","PIBKC_O"
"798",0.312196,2008,"Other mortality","PIBKC","PIBKC_O"
"799",0.301193,2009,"Other mortality","PIBKC","PIBKC_O"
"800",0.300755,2010,"Other mortality","PIBKC","PIBKC_O"
"801",0.309448,2011,"Other mortality","PIBKC","PIBKC_O"
"802",0.324552,2012,"Other mortality","PIBKC","PIBKC_O"
"803",0.338193,2013,"Other mortality","PIBKC","PIBKC_O"
"804",0.342189,2014,"Other mortality","PIBKC","PIBKC_O"
"805",0.328574,2015,"Other mortality","PIBKC","PIBKC_O"
"806",0.29213,2016,"Other mortality","PIBKC","PIBKC_O"
"807",0.245691,2017,"Other mortality","PIBKC","PIBKC_O"
"808",0.204153,2018,"Other mortality","PIBKC","PIBKC_O"
"809",0.175277,2019,"Other mortality","PIBKC","PIBKC_O"
"810",0.160408,2020,"Other mortality","PIBKC","PIBKC_O"
"811",0.159258,2021,"Other mortality","PIBKC","PIBKC_O"
"812",0.171677,2022,"Other mortality","PIBKC","PIBKC_O"
"813",0.00786154,2023,"Other mortality","PIBKC","PIBKC_O"
"814",0.069954,1975,"Fishing mortality","PIBKC","PIBKC_F"
"815",0.17276,1976,"Fishing mortality","PIBKC","PIBKC_F"
"816",0.144503,1977,"Fishing mortality","PIBKC","PIBKC_F"
"817",0.132036,1978,"Fishing mortality","PIBKC","PIBKC_F"
"818",0.137751,1979,"Fishing mortality","PIBKC","PIBKC_F"
"819",0.307344,1980,"Fishing mortality","PIBKC","PIBKC_F"
"820",0.335553,1981,"Fishing mortality","PIBKC","PIBKC_F"
"821",0.228616,1982,"Fishing mortality","PIBKC","PIBKC_F"
"822",0.163658,1983,"Fishing mortality","PIBKC","PIBKC_F"
"823",0.0385043,1984,"Fishing mortality","PIBKC","PIBKC_F"
"824",0.115146,1985,"Fishing mortality","PIBKC","PIBKC_F"
"825",0.0764969,1986,"Fishing mortality","PIBKC","PIBKC_F"
"826",0.260657,1987,"Fishing mortality","PIBKC","PIBKC_F"
"827",NA,1988,"Fishing mortality","PIBKC","PIBKC_F"
"828",NA,1989,"Fishing mortality","PIBKC","PIBKC_F"
"829",NA,1990,"Fishing mortality","PIBKC","PIBKC_F"
"830",NA,1991,"Fishing mortality","PIBKC","PIBKC_F"
"831",NA,1992,"Fishing mortality","PIBKC","PIBKC_F"
"832",NA,1993,"Fishing mortality","PIBKC","PIBKC_F"
"833",NA,1994,"Fishing mortality","PIBKC","PIBKC_F"
"834",0.076286,1995,"Fishing mortality","PIBKC","PIBKC_F"
"835",0.06232,1996,"Fishing mortality","PIBKC","PIBKC_F"
"836",0.042998,1997,"Fishing mortality","PIBKC","PIBKC_F"
"837",0.0569936,1998,"Fishing mortality","PIBKC","PIBKC_F"
"838",NA,1999,"Fishing mortality","PIBKC","PIBKC_F"
"839",NA,2000,"Fishing mortality","PIBKC","PIBKC_F"
"840",NA,2001,"Fishing mortality","PIBKC","PIBKC_F"
"841",NA,2002,"Fishing mortality","PIBKC","PIBKC_F"
"842",NA,2003,"Fishing mortality","PIBKC","PIBKC_F"
"843",NA,2004,"Fishing mortality","PIBKC","PIBKC_F"
"844",NA,2005,"Fishing mortality","PIBKC","PIBKC_F"
"845",NA,2006,"Fishing mortality","PIBKC","PIBKC_F"
"846",NA,2007,"Fishing mortality","PIBKC","PIBKC_F"
"847",NA,2008,"Fishing mortality","PIBKC","PIBKC_F"
"848",NA,2009,"Fishing mortality","PIBKC","PIBKC_F"
"849",NA,2010,"Fishing mortality","PIBKC","PIBKC_F"
"850",NA,2011,"Fishing mortality","PIBKC","PIBKC_F"
"851",NA,2012,"Fishing mortality","PIBKC","PIBKC_F"
"852",NA,2013,"Fishing mortality","PIBKC","PIBKC_F"
"853",NA,2014,"Fishing mortality","PIBKC","PIBKC_F"
"854",NA,2015,"Fishing mortality","PIBKC","PIBKC_F"
"855",NA,2016,"Fishing mortality","PIBKC","PIBKC_F"
"856",NA,2017,"Fishing mortality","PIBKC","PIBKC_F"
"857",NA,2018,"Fishing mortality","PIBKC","PIBKC_F"
"858",NA,2019,"Fishing mortality","PIBKC","PIBKC_F"
"859",NA,2020,"Fishing mortality","PIBKC","PIBKC_F"
"860",NA,2021,"Fishing mortality","PIBKC","PIBKC_F"
"861",NA,2022,"Fishing mortality","PIBKC","PIBKC_F"
"862",NA,2023,"Fishing mortality","PIBKC","PIBKC_F"
"863",0.668085437287336,1975,"Spawner abundance","PIBKC","PIBKC_S"
"864",0.753495252878949,1976,"Spawner abundance","PIBKC","PIBKC_S"
"865",0.771241948841713,1977,"Spawner abundance","PIBKC","PIBKC_S"
"866",0.949716228526635,1978,"Spawner abundance","PIBKC","PIBKC_S"
"867",1,1979,"Spawner abundance","PIBKC","PIBKC_S"
"868",0.923992458549683,1980,"Spawner abundance","PIBKC","PIBKC_S"
"869",0.637251198163144,1981,"Spawner abundance","PIBKC","PIBKC_S"
"870",0.408381067299206,1982,"Spawner abundance","PIBKC","PIBKC_S"
"871",0.27476278380955,1983,"Spawner abundance","PIBKC","PIBKC_S"
"872",0.172554049295281,1984,"Spawner abundance","PIBKC","PIBKC_S"
"873",0.118315380060238,1985,"Spawner abundance","PIBKC","PIBKC_S"
"874",0.085145530777773,1986,"Spawner abundance","PIBKC","PIBKC_S"
"875",0.0679475700740455,1987,"Spawner abundance","PIBKC","PIBKC_S"
"876",0.0481395543181658,1988,"Spawner abundance","PIBKC","PIBKC_S"
"877",0.0472992831307117,1989,"Spawner abundance","PIBKC","PIBKC_S"
"878",0.0771737156654791,1990,"Spawner abundance","PIBKC","PIBKC_S"
"879",0.143533447785993,1991,"Spawner abundance","PIBKC","PIBKC_S"
"880",0.194903100488436,1992,"Spawner abundance","PIBKC","PIBKC_S"
"881",0.343823260795009,1993,"Spawner abundance","PIBKC","PIBKC_S"
"882",0.403741797895838,1994,"Spawner abundance","PIBKC","PIBKC_S"
"883",0.38681309309192,1995,"Spawner abundance","PIBKC","PIBKC_S"
"884",0.323500298579068,1996,"Spawner abundance","PIBKC","PIBKC_S"
"885",0.253765248149518,1997,"Spawner abundance","PIBKC","PIBKC_S"
"886",0.188817757791569,1998,"Spawner abundance","PIBKC","PIBKC_S"
"887",0.138050466633558,1999,"Spawner abundance","PIBKC","PIBKC_S"
"888",0.103105152193605,2000,"Spawner abundance","PIBKC","PIBKC_S"
"889",0.0713370393824964,2001,"Spawner abundance","PIBKC","PIBKC_S"
"890",0.0453055558212036,2002,"Spawner abundance","PIBKC","PIBKC_S"
"891",0.0273229631777835,2003,"Spawner abundance","PIBKC","PIBKC_S"
"892",0.0174486651399906,2004,"Spawner abundance","PIBKC","PIBKC_S"
"893",0.0121476578412744,2005,"Spawner abundance","PIBKC","PIBKC_S"
"894",0.00868777332369191,2006,"Spawner abundance","PIBKC","PIBKC_S"
"895",0.00907455633292038,2007,"Spawner abundance","PIBKC","PIBKC_S"
"896",0.0106412721130512,2008,"Spawner abundance","PIBKC","PIBKC_S"
"897",0.0203738940164957,2009,"Spawner abundance","PIBKC","PIBKC_S"
"898",0.031270948260965,2010,"Spawner abundance","PIBKC","PIBKC_S"
"899",0.0297002426666809,2011,"Spawner abundance","PIBKC","PIBKC_S"
"900",0.0256179778882746,2012,"Spawner abundance","PIBKC","PIBKC_S"
"901",0.022007870120982,2013,"Spawner abundance","PIBKC","PIBKC_S"
"902",0.0186073891517564,2014,"Spawner abundance","PIBKC","PIBKC_S"
"903",0.0164462773697194,2015,"Spawner abundance","PIBKC","PIBKC_S"
"904",0.0148759044590873,2016,"Spawner abundance","PIBKC","PIBKC_S"
"905",0.0149758626628834,2017,"Spawner abundance","PIBKC","PIBKC_S"
"906",0.0156565992386975,2018,"Spawner abundance","PIBKC","PIBKC_S"
"907",0.017479710333116,2019,"Spawner abundance","PIBKC","PIBKC_S"
"908",0.02263688703508,2020,"Spawner abundance","PIBKC","PIBKC_S"
"909",0.0248695672083218,2021,"Spawner abundance","PIBKC","PIBKC_S"
"910",0.0231070045236327,2022,"Spawner abundance","PIBKC","PIBKC_S"
"911",0.0255412872378746,2023,"Spawner abundance","PIBKC","PIBKC_S"
"912",0.841647537626667,1975,"Abundance","PIBKC","PIBKC_A"
"913",0.818375527430277,1976,"Abundance","PIBKC","PIBKC_A"
"914",0.876749578859826,1977,"Abundance","PIBKC","PIBKC_A"
"915",0.955790653567345,1978,"Abundance","PIBKC","PIBKC_A"
"916",1,1979,"Abundance","PIBKC","PIBKC_A"
"917",0.936901403617601,1980,"Abundance","PIBKC","PIBKC_A"
"918",0.717694658833268,1981,"Abundance","PIBKC","PIBKC_A"
"919",0.453566126874487,1982,"Abundance","PIBKC","PIBKC_A"
"920",0.249161473365342,1983,"Abundance","PIBKC","PIBKC_A"
"921",0.126854035232131,1984,"Abundance","PIBKC","PIBKC_A"
"922",0.141212439968044,1985,"Abundance","PIBKC","PIBKC_A"
"923",0.191833324697927,1986,"Abundance","PIBKC","PIBKC_A"
"924",0.184274581863076,1987,"Abundance","PIBKC","PIBKC_A"
"925",0.441133224771898,1988,"Abundance","PIBKC","PIBKC_A"
"926",0.441943233612258,1989,"Abundance","PIBKC","PIBKC_A"
"927",0.543743498334293,1990,"Abundance","PIBKC","PIBKC_A"
"928",0.576185491490721,1991,"Abundance","PIBKC","PIBKC_A"
"929",0.61545376195845,1992,"Abundance","PIBKC","PIBKC_A"
"930",0.585776925164103,1993,"Abundance","PIBKC","PIBKC_A"
"931",0.57866944408198,1994,"Abundance","PIBKC","PIBKC_A"
"932",0.51779890864425,1995,"Abundance","PIBKC","PIBKC_A"
"933",0.411120465376014,1996,"Abundance","PIBKC","PIBKC_A"
"934",0.28985186033835,1997,"Abundance","PIBKC","PIBKC_A"
"935",0.188435920288462,1998,"Abundance","PIBKC","PIBKC_A"
"936",0.130314175662009,1999,"Abundance","PIBKC","PIBKC_A"
"937",0.0911665667560237,2000,"Abundance","PIBKC","PIBKC_A"
"938",0.0544799854640381,2001,"Abundance","PIBKC","PIBKC_A"
"939",0.0627518028926631,2002,"Abundance","PIBKC","PIBKC_A"
"940",0.0501259588749339,2003,"Abundance","PIBKC","PIBKC_A"
"941",0.105568330637167,2004,"Abundance","PIBKC","PIBKC_A"
"942",0.126753240783962,2005,"Abundance","PIBKC","PIBKC_A"
"943",0.0830856204166706,2006,"Abundance","PIBKC","PIBKC_A"
"944",0.0728567974684697,2007,"Abundance","PIBKC","PIBKC_A"
"945",0.059669392369459,2008,"Abundance","PIBKC","PIBKC_A"
"946",0.0523381977182464,2009,"Abundance","PIBKC","PIBKC_A"
"947",0.0496272566482018,2010,"Abundance","PIBKC","PIBKC_A"
"948",0.0451764020617934,2011,"Abundance","PIBKC","PIBKC_A"
"949",0.047493412747894,2012,"Abundance","PIBKC","PIBKC_A"
"950",0.0441715223162597,2013,"Abundance","PIBKC","PIBKC_A"
"951",0.0435866852960976,2014,"Abundance","PIBKC","PIBKC_A"
"952",0.0524536632401763,2015,"Abundance","PIBKC","PIBKC_A"
"953",0.0425444720308125,2016,"Abundance","PIBKC","PIBKC_A"
"954",0.0317667467305243,2017,"Abundance","PIBKC","PIBKC_A"
"955",0.0394448205303324,2018,"Abundance","PIBKC","PIBKC_A"
"956",0.0357852176092733,2019,"Abundance","PIBKC","PIBKC_A"
"957",0.030031844696275,2020,"Abundance","PIBKC","PIBKC_A"
"958",0.0255810264926992,2021,"Abundance","PIBKC","PIBKC_A"
"959",0.0218148919986716,2022,"Abundance","PIBKC","PIBKC_A"
"960",0.0183736135284333,2023,"Abundance","PIBKC","PIBKC_A"
"961",0.171601989354642,1977,"Recruitment","Snow","Snow_R"
"962",0.16720762209785,1978,"Recruitment","Snow","Snow_R"
"963",0.242160400450319,1979,"Recruitment","Snow","Snow_R"
"964",0.511518589073596,1980,"Recruitment","Snow","Snow_R"
"965",0.27420260572141,1981,"Recruitment","Snow","Snow_R"
"966",0.26564091127704,1982,"Recruitment","Snow","Snow_R"
"967",0.188071126682985,1983,"Recruitment","Snow","Snow_R"
"968",0.262393835257576,1984,"Recruitment","Snow","Snow_R"
"969",0.715329369312243,1985,"Recruitment","Snow","Snow_R"
"970",1,1986,"Recruitment","Snow","Snow_R"
"971",0.857432270857459,1987,"Recruitment","Snow","Snow_R"
"972",0.368597537219794,1988,"Recruitment","Snow","Snow_R"
"973",0.104487332776257,1989,"Recruitment","Snow","Snow_R"
"974",0.0929280377020858,1990,"Recruitment","Snow","Snow_R"
"975",0.12699546725921,1991,"Recruitment","Snow","Snow_R"
"976",0.130326104771603,1992,"Recruitment","Snow","Snow_R"
"977",0.111536456724013,1993,"Recruitment","Snow","Snow_R"
"978",0.0776168047267324,1994,"Recruitment","Snow","Snow_R"
"979",0.0962655267195262,1995,"Recruitment","Snow","Snow_R"
"980",0.227915987113797,1996,"Recruitment","Snow","Snow_R"
"981",0.243812822255838,1997,"Recruitment","Snow","Snow_R"
"982",0.240820998385194,1998,"Recruitment","Snow","Snow_R"
"983",0.210941719217263,1999,"Recruitment","Snow","Snow_R"
"984",0.10848417839707,2000,"Recruitment","Snow","Snow_R"
"985",0.0478170567546436,2001,"Recruitment","Snow","Snow_R"
"986",0.153414602035031,2002,"Recruitment","Snow","Snow_R"
"987",0.377456130216212,2003,"Recruitment","Snow","Snow_R"
"988",0.208745207305048,2004,"Recruitment","Snow","Snow_R"
"989",0.170927586308812,2005,"Recruitment","Snow","Snow_R"
"990",0.174708004976073,2006,"Recruitment","Snow","Snow_R"
"991",0.189767881756457,2007,"Recruitment","Snow","Snow_R"
"992",0.223704326658266,2008,"Recruitment","Snow","Snow_R"
"993",0.98766460405018,2009,"Recruitment","Snow","Snow_R"
"994",0.92288295211201,2010,"Recruitment","Snow","Snow_R"
"995",0.68732686515432,2011,"Recruitment","Snow","Snow_R"
"996",0.0661285772245225,2012,"Recruitment","Snow","Snow_R"
"997",0.0235110067413436,2013,"Recruitment","Snow","Snow_R"
"998",0.0175941275884583,2014,"Recruitment","Snow","Snow_R"
"999",0.0407982943782729,2015,"Recruitment","Snow","Snow_R"
"1000",0.0776403147930711,2016,"Recruitment","Snow","Snow_R"
"1001",0.419865603026484,2017,"Recruitment","Snow","Snow_R"
"1002",0.182374973467211,2018,"Recruitment","Snow","Snow_R"
"1003",0.229713,1982,"M_imm","Snow","Snow_M"
"1004",0.170636,1983,"M_imm","Snow","Snow_M"
"1005",0.147349,1984,"M_imm","Snow","Snow_M"
"1006",0.0912786,1985,"M_imm","Snow","Snow_M"
"1007",0.0828744,1986,"M_imm","Snow","Snow_M"
"1008",0.104313,1987,"M_imm","Snow","Snow_M"
"1009",0.131554,1988,"M_imm","Snow","Snow_M"
"1010",0.17197,1989,"M_imm","Snow","Snow_M"
"1011",0.216647,1990,"M_imm","Snow","Snow_M"
"1012",0.282267,1991,"M_imm","Snow","Snow_M"
"1013",0.250983,1992,"M_imm","Snow","Snow_M"
"1014",0.311791,1993,"M_imm","Snow","Snow_M"
"1015",0.295833,1994,"M_imm","Snow","Snow_M"
"1016",0.325076,1995,"M_imm","Snow","Snow_M"
"1017",0.451671,1996,"M_imm","Snow","Snow_M"
"1018",0.512897,1997,"M_imm","Snow","Snow_M"
"1019",0.323357,1998,"M_imm","Snow","Snow_M"
"1020",0.130247,1999,"M_imm","Snow","Snow_M"
"1021",0.164037,2000,"M_imm","Snow","Snow_M"
"1022",0.325,2001,"M_imm","Snow","Snow_M"
"1023",0.222803,2002,"M_imm","Snow","Snow_M"
"1024",0.194102,2003,"M_imm","Snow","Snow_M"
"1025",0.185797,2004,"M_imm","Snow","Snow_M"
"1026",0.199325,2005,"M_imm","Snow","Snow_M"
"1027",0.170999,2006,"M_imm","Snow","Snow_M"
"1028",0.187247,2007,"M_imm","Snow","Snow_M"
"1029",0.163732,2008,"M_imm","Snow","Snow_M"
"1030",0.17621,2009,"M_imm","Snow","Snow_M"
"1031",0.358843,2010,"M_imm","Snow","Snow_M"
"1032",0.344439,2011,"M_imm","Snow","Snow_M"
"1033",0.26429,2012,"M_imm","Snow","Snow_M"
"1034",0.252643,2013,"M_imm","Snow","Snow_M"
"1035",0.479842,2014,"M_imm","Snow","Snow_M"
"1036",0.429726,2015,"M_imm","Snow","Snow_M"
"1037",0.225794,2016,"M_imm","Snow","Snow_M"
"1038",0.178123,2017,"M_imm","Snow","Snow_M"
"1039",0.436927,2018,"M_imm","Snow","Snow_M"
"1040",1.73184,2019,"M_imm","Snow","Snow_M"
"1041",0.258453,2020,"M_imm","Snow","Snow_M"
"1042",0.118208,2021,"M_imm","Snow","Snow_M"
"1043",0.19728,2022,"M_imm","Snow","Snow_M"
"1044",0.335729,2023,"M_imm","Snow","Snow_M"
"1045",0.363328,1982,"M_mat","Snow","Snow_M"
"1046",0.835615,1983,"M_mat","Snow","Snow_M"
"1047",1.72847,1984,"M_mat","Snow","Snow_M"
"1048",0.266539,1985,"M_mat","Snow","Snow_M"
"1049",0.12809,1986,"M_mat","Snow","Snow_M"
"1050",0.179766,1987,"M_mat","Snow","Snow_M"
"1051",0.350091,1988,"M_mat","Snow","Snow_M"
"1052",0.4094,1989,"M_mat","Snow","Snow_M"
"1053",0.581228,1990,"M_mat","Snow","Snow_M"
"1054",1.25632,1991,"M_mat","Snow","Snow_M"
"1055",0.497953,1992,"M_mat","Snow","Snow_M"
"1056",0.455592,1993,"M_mat","Snow","Snow_M"
"1057",0.504422,1994,"M_mat","Snow","Snow_M"
"1058",0.851511,1995,"M_mat","Snow","Snow_M"
"1059",0.79172,1996,"M_mat","Snow","Snow_M"
"1060",0.799868,1997,"M_mat","Snow","Snow_M"
"1061",0.916242,1998,"M_mat","Snow","Snow_M"
"1062",0.284616,1999,"M_mat","Snow","Snow_M"
"1063",0.243521,2000,"M_mat","Snow","Snow_M"
"1064",0.649991,2001,"M_mat","Snow","Snow_M"
"1065",0.579952,2002,"M_mat","Snow","Snow_M"
"1066",0.341454,2003,"M_mat","Snow","Snow_M"
"1067",0.316811,2004,"M_mat","Snow","Snow_M"
"1068",0.70658,2005,"M_mat","Snow","Snow_M"
"1069",0.861718,2006,"M_mat","Snow","Snow_M"
"1070",0.788931,2007,"M_mat","Snow","Snow_M"
"1071",0.482342,2008,"M_mat","Snow","Snow_M"
"1072",0.206745,2009,"M_mat","Snow","Snow_M"
"1073",0.191635,2010,"M_mat","Snow","Snow_M"
"1074",0.36611,2011,"M_mat","Snow","Snow_M"
"1075",0.94376,2012,"M_mat","Snow","Snow_M"
"1076",0.525677,2013,"M_mat","Snow","Snow_M"
"1077",0.832254,2014,"M_mat","Snow","Snow_M"
"1078",0.606332,2015,"M_mat","Snow","Snow_M"
"1079",0.426597,2016,"M_mat","Snow","Snow_M"
"1080",0.472905,2017,"M_mat","Snow","Snow_M"
"1081",1.03638,2018,"M_mat","Snow","Snow_M"
"1082",1.59638,2019,"M_mat","Snow","Snow_M"
"1083",0.461042,2020,"M_mat","Snow","Snow_M"
"1084",0.90506,2021,"M_mat","Snow","Snow_M"
"1085",0.415657,2022,"M_mat","Snow","Snow_M"
"1086",0.156827,2023,"M_mat","Snow","Snow_M"
"1087",0.32296,1982,"Fishing mortality","Snow","Snow_F"
"1088",0.170068,1983,"Fishing mortality","Snow","Snow_F"
"1089",0.751537,1984,"Fishing mortality","Snow","Snow_F"
"1090",1.52494,1985,"Fishing mortality","Snow","Snow_F"
"1091",1.13287,1986,"Fishing mortality","Snow","Snow_F"
"1092",1.22768,1987,"Fishing mortality","Snow","Snow_F"
"1093",0.916225,1988,"Fishing mortality","Snow","Snow_F"
"1094",0.864644,1989,"Fishing mortality","Snow","Snow_F"
"1095",2.31612,1990,"Fishing mortality","Snow","Snow_F"
"1096",1.98675,1991,"Fishing mortality","Snow","Snow_F"
"1097",5.19717,1992,"Fishing mortality","Snow","Snow_F"
"1098",2.59017,1993,"Fishing mortality","Snow","Snow_F"
"1099",2.47531,1994,"Fishing mortality","Snow","Snow_F"
"1100",1.69125,1995,"Fishing mortality","Snow","Snow_F"
"1101",1.80243,1996,"Fishing mortality","Snow","Snow_F"
"1102",1.89501,1997,"Fishing mortality","Snow","Snow_F"
"1103",3.09953,1998,"Fishing mortality","Snow","Snow_F"
"1104",0.463007,1999,"Fishing mortality","Snow","Snow_F"
"1105",0.43727,2000,"Fishing mortality","Snow","Snow_F"
"1106",1.20241,2001,"Fishing mortality","Snow","Snow_F"
"1107",1.40321,2002,"Fishing mortality","Snow","Snow_F"
"1108",0.476243,2003,"Fishing mortality","Snow","Snow_F"
"1109",0.354306,2004,"Fishing mortality","Snow","Snow_F"
"1110",0.683985,2005,"Fishing mortality","Snow","Snow_F"
"1111",1.2612,2006,"Fishing mortality","Snow","Snow_F"
"1112",1.60997,2007,"Fishing mortality","Snow","Snow_F"
"1113",0.954573,2008,"Fishing mortality","Snow","Snow_F"
"1114",0.440835,2009,"Fishing mortality","Snow","Snow_F"
"1115",0.190838,2010,"Fishing mortality","Snow","Snow_F"
"1116",0.510352,2011,"Fishing mortality","Snow","Snow_F"
"1117",1.16952,2012,"Fishing mortality","Snow","Snow_F"
"1118",1.73618,2013,"Fishing mortality","Snow","Snow_F"
"1119",2.19944,2014,"Fishing mortality","Snow","Snow_F"
"1120",1.77809,2015,"Fishing mortality","Snow","Snow_F"
"1121",1.00737,2016,"Fishing mortality","Snow","Snow_F"
"1122",1.1261,2017,"Fishing mortality","Snow","Snow_F"
"1123",3.22148,2018,"Fishing mortality","Snow","Snow_F"
"1124",5.30889,2019,"Fishing mortality","Snow","Snow_F"
"1125",6.85448,2020,"Fishing mortality","Snow","Snow_F"
"1126",0.368952,2021,"Fishing mortality","Snow","Snow_F"
"1127",0,2022,"Fishing mortality","Snow","Snow_F"
"1128",0,2023,"Fishing mortality","Snow","Snow_F"
"1129",0.247500866519946,1982,"N_imm","Snow","Snow_N"
"1130",0.211774026858871,1983,"N_imm","Snow","Snow_N"
"1131",0.209085767591533,1984,"N_imm","Snow","Snow_N"
"1132",0.262310647769115,1985,"N_imm","Snow","Snow_N"
"1133",0.463412885324955,1986,"N_imm","Snow","Snow_N"
"1134",0.506198246759647,1987,"N_imm","Snow","Snow_N"
"1135",0.50081721029625,1988,"N_imm","Snow","Snow_N"
"1136",0.459477754766454,1989,"N_imm","Snow","Snow_N"
"1137",0.435738742348432,1990,"N_imm","Snow","Snow_N"
"1138",0.628115345520253,1991,"N_imm","Snow","Snow_N"
"1139",0.866577179330334,1992,"N_imm","Snow","Snow_N"
"1140",1,1993,"N_imm","Snow","Snow_N"
"1141",0.795379405943226,1994,"N_imm","Snow","Snow_N"
"1142",0.51854773849809,1995,"N_imm","Snow","Snow_N"
"1143",0.310975076759768,1996,"N_imm","Snow","Snow_N"
"1144",0.194941841472289,1997,"N_imm","Snow","Snow_N"
"1145",0.131734479785552,1998,"N_imm","Snow","Snow_N"
"1146",0.120817610927567,1999,"N_imm","Snow","Snow_N"
"1147",0.129249773378796,2000,"N_imm","Snow","Snow_N"
"1148",0.140446266602412,2001,"N_imm","Snow","Snow_N"
"1149",0.192880482527436,2002,"N_imm","Snow","Snow_N"
"1150",0.252141532962926,2003,"N_imm","Snow","Snow_N"
"1151",0.292965890359788,2004,"N_imm","Snow","Snow_N"
"1152",0.304989172957722,2005,"N_imm","Snow","Snow_N"
"1153",0.241157193768522,2006,"N_imm","Snow","Snow_N"
"1154",0.167452387294903,2007,"N_imm","Snow","Snow_N"
"1155",0.170067109045103,2008,"N_imm","Snow","Snow_N"
"1156",0.30537799987041,2009,"N_imm","Snow","Snow_N"
"1157",0.318133546811531,2010,"N_imm","Snow","Snow_N"
"1158",0.273220470526325,2011,"N_imm","Snow","Snow_N"
"1159",0.231605402728114,2012,"N_imm","Snow","Snow_N"
"1160",0.226102864465867,2013,"N_imm","Snow","Snow_N"
"1161",0.247218207944933,2014,"N_imm","Snow","Snow_N"
"1162",0.567440370145787,2015,"N_imm","Snow","Snow_N"
"1163",0.754210882254684,2016,"N_imm","Snow","Snow_N"
"1164",0.836784532602887,2017,"N_imm","Snow","Snow_N"
"1165",0.584175680378273,2018,"N_imm","Snow","Snow_N"
"1166",0.292513882549725,2019,"N_imm","Snow","Snow_N"
"1167",0.0347443440221413,2020,"N_imm","Snow","Snow_N"
"1168",0.0277689223708976,2021,"N_imm","Snow","Snow_N"
"1169",0.0599562448485082,2022,"N_imm","Snow","Snow_N"
"1170",0.253367478886374,2023,"N_imm","Snow","Snow_N"
"1171",0.530607562462906,1982,"Spawner abundance","Snow","Snow_S"
"1172",0.663337445550616,1983,"Spawner abundance","Snow","Snow_S"
"1173",0.471476767562473,1984,"Spawner abundance","Snow","Snow_S"
"1174",0.177899285204137,1985,"Spawner abundance","Snow","Snow_S"
"1175",0.310747274388474,1986,"Spawner abundance","Snow","Snow_S"
"1176",0.542156210089287,1987,"Spawner abundance","Snow","Snow_S"
"1177",0.844163178572334,1988,"Spawner abundance","Snow","Snow_S"
"1178",0.891882766302927,1989,"Spawner abundance","Snow","Snow_S"
"1179",0.91614338112664,1990,"Spawner abundance","Snow","Snow_S"
"1180",0.76389240764275,1991,"Spawner abundance","Snow","Snow_S"
"1181",0.463628808035534,1992,"Spawner abundance","Snow","Snow_S"
"1182",0.617013752337101,1993,"Spawner abundance","Snow","Snow_S"
"1183",0.843754086492268,1994,"Spawner abundance","Snow","Snow_S"
"1184",1,1995,"Spawner abundance","Snow","Snow_S"
"1185",0.801442923630668,1996,"Spawner abundance","Snow","Snow_S"
"1186",0.571981048273091,1997,"Spawner abundance","Snow","Snow_S"
"1187",0.385871875478491,1998,"Spawner abundance","Snow","Snow_S"
"1188",0.211765102088069,1999,"Spawner abundance","Snow","Snow_S"
"1189",0.223708304209252,2000,"Spawner abundance","Snow","Snow_S"
"1190",0.24941099230377,2001,"Spawner abundance","Snow","Snow_S"
"1191",0.192450863842972,2002,"Spawner abundance","Snow","Snow_S"
"1192",0.195092616367341,2003,"Spawner abundance","Snow","Snow_S"
"1193",0.289061316784555,2004,"Spawner abundance","Snow","Snow_S"
"1194",0.398216379759613,2005,"Spawner abundance","Snow","Snow_S"
"1195",0.420615781297111,2006,"Spawner abundance","Snow","Snow_S"
"1196",0.373297844147242,2007,"Spawner abundance","Snow","Snow_S"
"1197",0.321481822547694,2008,"Spawner abundance","Snow","Snow_S"
"1198",0.31590832926167,2009,"Spawner abundance","Snow","Snow_S"
"1199",0.444653915441201,2010,"Spawner abundance","Snow","Snow_S"
"1200",0.502431170740396,2011,"Spawner abundance","Snow","Snow_S"
"1201",0.534604904282723,2012,"Spawner abundance","Snow","Snow_S"
"1202",0.352075597620448,2013,"Spawner abundance","Snow","Snow_S"
"1203",0.353225347790014,2014,"Spawner abundance","Snow","Snow_S"
"1204",0.265773442130684,2015,"Spawner abundance","Snow","Snow_S"
"1205",0.307146567001162,2016,"Spawner abundance","Snow","Snow_S"
"1206",0.647608499938775,2017,"Spawner abundance","Snow","Snow_S"
"1207",0.990660818046889,2018,"Spawner abundance","Snow","Snow_S"
"1208",0.678956159267823,2019,"Spawner abundance","Snow","Snow_S"
"1209",0.235434742257113,2020,"Spawner abundance","Snow","Snow_S"
"1210",0.214550207684684,2021,"Spawner abundance","Snow","Snow_S"
"1211",0.102358264112997,2022,"Spawner abundance","Snow","Snow_S"
"1212",0.104763392123429,2023,"Spawner abundance","Snow","Snow_S"
"1213",0.494178738147113,1970,"Recruitment","Tanner","Tanner_R"
"1214",0.315850002983152,1971,"Recruitment","Tanner","Tanner_R"
"1215",5.90135435118493e-06,1972,"Recruitment","Tanner","Tanner_R"
"1216",0.016992858950383,1973,"Recruitment","Tanner","Tanner_R"
"1217",0.0172753326214915,1974,"Recruitment","Tanner","Tanner_R"
"1218",0.0911905452585364,1975,"Recruitment","Tanner","Tanner_R"
"1219",0.0992167681967152,1976,"Recruitment","Tanner","Tanner_R"
"1220",0.392131266934533,1977,"Recruitment","Tanner","Tanner_R"
"1221",0.199411393173313,1978,"Recruitment","Tanner","Tanner_R"
"1222",0.194647607408916,1979,"Recruitment","Tanner","Tanner_R"
"1223",0.42884564346597,1980,"Recruitment","Tanner","Tanner_R"
"1224",0.22544402680311,1981,"Recruitment","Tanner","Tanner_R"
"1225",0.0721871444648122,1982,"Recruitment","Tanner","Tanner_R"
"1226",0.10306688639127,1983,"Recruitment","Tanner","Tanner_R"
"1227",0.0202392488216548,1984,"Recruitment","Tanner","Tanner_R"
"1228",0.065826960702625,1985,"Recruitment","Tanner","Tanner_R"
"1229",0.0830638209450215,1986,"Recruitment","Tanner","Tanner_R"
"1230",0.0845082839055842,1987,"Recruitment","Tanner","Tanner_R"
"1231",0.0838150610106097,1988,"Recruitment","Tanner","Tanner_R"
"1232",0.135552387241983,1989,"Recruitment","Tanner","Tanner_R"
"1233",0.0608155732898822,1990,"Recruitment","Tanner","Tanner_R"
"1234",0.148947770145022,1991,"Recruitment","Tanner","Tanner_R"
"1235",0.0914936952617253,1992,"Recruitment","Tanner","Tanner_R"
"1236",0.478626227464341,1993,"Recruitment","Tanner","Tanner_R"
"1237",0.210986024445391,1994,"Recruitment","Tanner","Tanner_R"
"1238",0.660070813865692,1995,"Recruitment","Tanner","Tanner_R"
"1239",0.00063178744319152,1996,"Recruitment","Tanner","Tanner_R"
"1240",0.350779631446952,1997,"Recruitment","Tanner","Tanner_R"
"1241",0.243705034121091,1998,"Recruitment","Tanner","Tanner_R"
"1242",0.106480024194395,1999,"Recruitment","Tanner","Tanner_R"
"1243",0.0784514558812335,2000,"Recruitment","Tanner","Tanner_R"
"1244",0.14301026821626,2001,"Recruitment","Tanner","Tanner_R"
"1245",0.463066516068905,2002,"Recruitment","Tanner","Tanner_R"
"1246",0.539816855016736,2003,"Recruitment","Tanner","Tanner_R"
"1247",0.239070861184661,2004,"Recruitment","Tanner","Tanner_R"
"1248",0.116949860409042,2005,"Recruitment","Tanner","Tanner_R"
"1249",0.0984136829999403,2006,"Recruitment","Tanner","Tanner_R"
"1250",0.197589612869114,2007,"Recruitment","Tanner","Tanner_R"
"1251",0.105774354353242,2008,"Recruitment","Tanner","Tanner_R"
"1252",0.177259943669854,2009,"Recruitment","Tanner","Tanner_R"
"1253",0.336818478263106,2010,"Recruitment","Tanner","Tanner_R"
"1254",0.718485052349181,2011,"Recruitment","Tanner","Tanner_R"
"1255",0.239182986567585,2012,"Recruitment","Tanner","Tanner_R"
"1256",0.395853006709007,2013,"Recruitment","Tanner","Tanner_R"
"1257",0.137388568971512,2014,"Recruitment","Tanner","Tanner_R"
"1258",0.631130120992546,2015,"Recruitment","Tanner","Tanner_R"
"1259",1,2016,"Recruitment","Tanner","Tanner_R"
"1260",0.693183805391482,2017,"Recruitment","Tanner","Tanner_R"
"1261",0.112905117237889,2018,"Recruitment","Tanner","Tanner_R"
"1262",0.262577,1975,"M_imm","Tanner","Tanner_M"
"1263",0.182258,1976,"M_imm","Tanner","Tanner_M"
"1264",0.16363,1977,"M_imm","Tanner","Tanner_M"
"1265",0.13045,1978,"M_imm","Tanner","Tanner_M"
"1266",0.100318,1979,"M_imm","Tanner","Tanner_M"
"1267",0.149808,1980,"M_imm","Tanner","Tanner_M"
"1268",0.149128,1981,"M_imm","Tanner","Tanner_M"
"1269",0.130762,1982,"M_imm","Tanner","Tanner_M"
"1270",0.165632,1983,"M_imm","Tanner","Tanner_M"
"1271",0.146711,1984,"M_imm","Tanner","Tanner_M"
"1272",0.0758695,1985,"M_imm","Tanner","Tanner_M"
"1273",0.0562773,1986,"M_imm","Tanner","Tanner_M"
"1274",0.0493823,1987,"M_imm","Tanner","Tanner_M"
"1275",0.0479114,1988,"M_imm","Tanner","Tanner_M"
"1276",0.0511741,1989,"M_imm","Tanner","Tanner_M"
"1277",0.059999,1990,"M_imm","Tanner","Tanner_M"
"1278",0.0845122,1991,"M_imm","Tanner","Tanner_M"
"1279",0.126,1992,"M_imm","Tanner","Tanner_M"
"1280",0.2617,1993,"M_imm","Tanner","Tanner_M"
"1281",0.630946,1994,"M_imm","Tanner","Tanner_M"
"1282",0.258549,1995,"M_imm","Tanner","Tanner_M"
"1283",0.217882,1996,"M_imm","Tanner","Tanner_M"
"1284",0.184851,1997,"M_imm","Tanner","Tanner_M"
"1285",0.184258,1998,"M_imm","Tanner","Tanner_M"
"1286",0.189554,1999,"M_imm","Tanner","Tanner_M"
"1287",0.147339,2000,"M_imm","Tanner","Tanner_M"
"1288",0.18652,2001,"M_imm","Tanner","Tanner_M"
"1289",0.136272,2002,"M_imm","Tanner","Tanner_M"
"1290",0.0979552,2003,"M_imm","Tanner","Tanner_M"
"1291",0.0713677,2004,"M_imm","Tanner","Tanner_M"
"1292",0.0706788,2005,"M_imm","Tanner","Tanner_M"
"1293",0.09103,2006,"M_imm","Tanner","Tanner_M"
"1294",0.180896,2007,"M_imm","Tanner","Tanner_M"
"1295",0.473664,2008,"M_imm","Tanner","Tanner_M"
"1296",0.133825,2009,"M_imm","Tanner","Tanner_M"
"1297",0.108617,2010,"M_imm","Tanner","Tanner_M"
"1298",0.131545,2011,"M_imm","Tanner","Tanner_M"
"1299",0.175736,2012,"M_imm","Tanner","Tanner_M"
"1300",0.224977,2013,"M_imm","Tanner","Tanner_M"
"1301",0.469626,2014,"M_imm","Tanner","Tanner_M"
"1302",0.654595,2015,"M_imm","Tanner","Tanner_M"
"1303",0.52093,2016,"M_imm","Tanner","Tanner_M"
"1304",0.225522,2017,"M_imm","Tanner","Tanner_M"
"1305",0.349833,2018,"M_imm","Tanner","Tanner_M"
"1306",0.472021,2019,"M_imm","Tanner","Tanner_M"
"1307",0.342015,2020,"M_imm","Tanner","Tanner_M"
"1308",0.346117,2021,"M_imm","Tanner","Tanner_M"
"1309",0.263399,2022,"M_imm","Tanner","Tanner_M"
"1310",0.687293,2023,"M_imm","Tanner","Tanner_M"
"1311",0.463178,1975,"M_mat","Tanner","Tanner_M"
"1312",0.29562,1976,"M_mat","Tanner","Tanner_M"
"1313",0.297488,1977,"M_mat","Tanner","Tanner_M"
"1314",0.260435,1978,"M_mat","Tanner","Tanner_M"
"1315",0.123638,1979,"M_mat","Tanner","Tanner_M"
"1316",0.279017,1980,"M_mat","Tanner","Tanner_M"
"1317",0.383844,1981,"M_mat","Tanner","Tanner_M"
"1318",0.763662,1982,"M_mat","Tanner","Tanner_M"
"1319",0.212462,1983,"M_mat","Tanner","Tanner_M"
"1320",0.129882,1984,"M_mat","Tanner","Tanner_M"
"1321",0.0763716,1985,"M_mat","Tanner","Tanner_M"
"1322",0.0627263,1986,"M_mat","Tanner","Tanner_M"
"1323",0.0630168,1987,"M_mat","Tanner","Tanner_M"
"1324",0.0787624,1988,"M_mat","Tanner","Tanner_M"
"1325",0.127459,1989,"M_mat","Tanner","Tanner_M"
"1326",0.250089,1990,"M_mat","Tanner","Tanner_M"
"1327",0.411368,1991,"M_mat","Tanner","Tanner_M"
"1328",0.810376,1992,"M_mat","Tanner","Tanner_M"
"1329",0.369475,1993,"M_mat","Tanner","Tanner_M"
"1330",0.242324,1994,"M_mat","Tanner","Tanner_M"
"1331",0.325688,1995,"M_mat","Tanner","Tanner_M"
"1332",0.992948,1996,"M_mat","Tanner","Tanner_M"
"1333",0.254591,1997,"M_mat","Tanner","Tanner_M"
"1334",0.201629,1998,"M_mat","Tanner","Tanner_M"
"1335",0.207907,1999,"M_mat","Tanner","Tanner_M"
"1336",0.20719,2000,"M_mat","Tanner","Tanner_M"
"1337",0.161098,2001,"M_mat","Tanner","Tanner_M"
"1338",0.146973,2002,"M_mat","Tanner","Tanner_M"
"1339",0.174891,2003,"M_mat","Tanner","Tanner_M"
"1340",0.527443,2004,"M_mat","Tanner","Tanner_M"
"1341",0.524716,2005,"M_mat","Tanner","Tanner_M"
"1342",0.70802,2006,"M_mat","Tanner","Tanner_M"
"1343",0.493127,2007,"M_mat","Tanner","Tanner_M"
"1344",0.17213,2008,"M_mat","Tanner","Tanner_M"
"1345",0.484724,2009,"M_mat","Tanner","Tanner_M"
"1346",0.290205,2010,"M_mat","Tanner","Tanner_M"
"1347",0.219233,2011,"M_mat","Tanner","Tanner_M"
"1348",0.229061,2012,"M_mat","Tanner","Tanner_M"
"1349",0.48169,2013,"M_mat","Tanner","Tanner_M"
"1350",0.476265,2014,"M_mat","Tanner","Tanner_M"
"1351",0.192513,2015,"M_mat","Tanner","Tanner_M"
"1352",0.253253,2016,"M_mat","Tanner","Tanner_M"
"1353",0.449411,2017,"M_mat","Tanner","Tanner_M"
"1354",0.865748,2018,"M_mat","Tanner","Tanner_M"
"1355",0.879038,2019,"M_mat","Tanner","Tanner_M"
"1356",0.380867,2020,"M_mat","Tanner","Tanner_M"
"1357",0.623371,2021,"M_mat","Tanner","Tanner_M"
"1358",0.282436,2022,"M_mat","Tanner","Tanner_M"
"1359",0.291921,2023,"M_mat","Tanner","Tanner_M"
"1360",0.0661715,1975,"Fishing mortality","Tanner","Tanner_F"
"1361",0.150657,1976,"Fishing mortality","Tanner","Tanner_F"
"1362",0.226494,1977,"Fishing mortality","Tanner","Tanner_F"
"1363",0.241244,1978,"Fishing mortality","Tanner","Tanner_F"
"1364",0.293867,1979,"Fishing mortality","Tanner","Tanner_F"
"1365",0.34254,1980,"Fishing mortality","Tanner","Tanner_F"
"1366",0.214341,1981,"Fishing mortality","Tanner","Tanner_F"
"1367",0.179912,1982,"Fishing mortality","Tanner","Tanner_F"
"1368",0.0531676,1983,"Fishing mortality","Tanner","Tanner_F"
"1369",0.116449,1984,"Fishing mortality","Tanner","Tanner_F"
"1370",0,1985,"Fishing mortality","Tanner","Tanner_F"
"1371",0,1986,"Fishing mortality","Tanner","Tanner_F"
"1372",0.0982719,1987,"Fishing mortality","Tanner","Tanner_F"
"1373",0.26515,1988,"Fishing mortality","Tanner","Tanner_F"
"1374",0.750663,1989,"Fishing mortality","Tanner","Tanner_F"
"1375",1.38332,1990,"Fishing mortality","Tanner","Tanner_F"
"1376",1.24088,1991,"Fishing mortality","Tanner","Tanner_F"
"1377",1.48484,1992,"Fishing mortality","Tanner","Tanner_F"
"1378",0.717071,1993,"Fishing mortality","Tanner","Tanner_F"
"1379",0.360476,1994,"Fishing mortality","Tanner","Tanner_F"
"1380",0.331267,1995,"Fishing mortality","Tanner","Tanner_F"
"1381",0.123074,1996,"Fishing mortality","Tanner","Tanner_F"
"1382",0,1997,"Fishing mortality","Tanner","Tanner_F"
"1383",0,1998,"Fishing mortality","Tanner","Tanner_F"
"1384",0,1999,"Fishing mortality","Tanner","Tanner_F"
"1385",0,2000,"Fishing mortality","Tanner","Tanner_F"
"1386",0,2001,"Fishing mortality","Tanner","Tanner_F"
"1387",0,2002,"Fishing mortality","Tanner","Tanner_F"
"1388",0,2003,"Fishing mortality","Tanner","Tanner_F"
"1389",0,2004,"Fishing mortality","Tanner","Tanner_F"
"1390",0.0789807,2005,"Fishing mortality","Tanner","Tanner_F"
"1391",0.173328,2006,"Fishing mortality","Tanner","Tanner_F"
"1392",0.184631,2007,"Fishing mortality","Tanner","Tanner_F"
"1393",0.0767969,2008,"Fishing mortality","Tanner","Tanner_F"
"1394",0.0448391,2009,"Fishing mortality","Tanner","Tanner_F"
"1395",0,2010,"Fishing mortality","Tanner","Tanner_F"
"1396",0,2011,"Fishing mortality","Tanner","Tanner_F"
"1397",0,2012,"Fishing mortality","Tanner","Tanner_F"
"1398",0.179383,2013,"Fishing mortality","Tanner","Tanner_F"
"1399",1.35571,2014,"Fishing mortality","Tanner","Tanner_F"
"1400",2.15858,2015,"Fishing mortality","Tanner","Tanner_F"
"1401",0,2016,"Fishing mortality","Tanner","Tanner_F"
"1402",0.308335,2017,"Fishing mortality","Tanner","Tanner_F"
"1403",0.774594,2018,"Fishing mortality","Tanner","Tanner_F"
"1404",0,2019,"Fishing mortality","Tanner","Tanner_F"
"1405",3.15321,2020,"Fishing mortality","Tanner","Tanner_F"
"1406",2.33928,2021,"Fishing mortality","Tanner","Tanner_F"
"1407",1.70521,2022,"Fishing mortality","Tanner","Tanner_F"
"1408",0,2023,"Fishing mortality","Tanner","Tanner_F"
"1409",0.605342082301868,1975,"N_imm","Tanner","Tanner_N"
"1410",0.608564233384072,1976,"N_imm","Tanner","Tanner_N"
"1411",0.614721928555338,1977,"N_imm","Tanner","Tanner_N"
"1412",0.475041094001659,1978,"N_imm","Tanner","Tanner_N"
"1413",0.375145006560013,1979,"N_imm","Tanner","Tanner_N"
"1414",0.278928231096251,1980,"N_imm","Tanner","Tanner_N"
"1415",0.211659416356433,1981,"N_imm","Tanner","Tanner_N"
"1416",0.172640216649715,1982,"N_imm","Tanner","Tanner_N"
"1417",0.332084737666173,1983,"N_imm","Tanner","Tanner_N"
"1418",0.374158634372202,1984,"N_imm","Tanner","Tanner_N"
"1419",0.417482870453962,1985,"N_imm","Tanner","Tanner_N"
"1420",0.606835910526937,1986,"N_imm","Tanner","Tanner_N"
"1421",0.656344501647457,1987,"N_imm","Tanner","Tanner_N"
"1422",0.594295585155,1988,"N_imm","Tanner","Tanner_N"
"1423",0.537112923372257,1989,"N_imm","Tanner","Tanner_N"
"1424",0.436863844758829,1990,"N_imm","Tanner","Tanner_N"
"1425",0.363371982918674,1991,"N_imm","Tanner","Tanner_N"
"1426",0.25410156507363,1992,"N_imm","Tanner","Tanner_N"
"1427",0.198195238313759,1993,"N_imm","Tanner","Tanner_N"
"1428",0.156098681524424,1994,"N_imm","Tanner","Tanner_N"
"1429",0.132604918989698,1995,"N_imm","Tanner","Tanner_N"
"1430",0.127406486420596,1996,"N_imm","Tanner","Tanner_N"
"1431",0.175786431824777,1997,"N_imm","Tanner","Tanner_N"
"1432",0.183426277985182,1998,"N_imm","Tanner","Tanner_N"
"1433",0.403083902339861,1999,"N_imm","Tanner","Tanner_N"
"1434",0.433465582152266,2000,"N_imm","Tanner","Tanner_N"
"1435",0.71759990472384,2001,"N_imm","Tanner","Tanner_N"
"1436",0.565381687931171,2002,"N_imm","Tanner","Tanner_N"
"1437",0.645615961127535,2003,"N_imm","Tanner","Tanner_N"
"1438",0.661575508905695,2004,"N_imm","Tanner","Tanner_N"
"1439",0.555643374775822,2005,"N_imm","Tanner","Tanner_N"
"1440",0.47053473286408,2006,"N_imm","Tanner","Tanner_N"
"1441",0.42087029991541,2007,"N_imm","Tanner","Tanner_N"
"1442",0.509706731007268,2008,"N_imm","Tanner","Tanner_N"
"1443",0.54281115531286,2009,"N_imm","Tanner","Tanner_N"
"1444",0.564836401254037,2010,"N_imm","Tanner","Tanner_N"
"1445",0.548236201415836,2011,"N_imm","Tanner","Tanner_N"
"1446",0.500163577100536,2012,"N_imm","Tanner","Tanner_N"
"1447",0.450429904704119,2013,"N_imm","Tanner","Tanner_N"
"1448",0.341911995163494,2014,"N_imm","Tanner","Tanner_N"
"1449",0.250229786683266,2015,"N_imm","Tanner","Tanner_N"
"1450",0.257253164578653,2016,"N_imm","Tanner","Tanner_N"
"1451",0.483014864513768,2017,"N_imm","Tanner","Tanner_N"
"1452",0.498651288514689,2018,"N_imm","Tanner","Tanner_N"
"1453",0.542158681009713,2019,"N_imm","Tanner","Tanner_N"
"1454",0.38922335435295,2020,"N_imm","Tanner","Tanner_N"
"1455",0.57452967491859,2021,"N_imm","Tanner","Tanner_N"
"1456",0.880449663654667,2022,"N_imm","Tanner","Tanner_N"
"1457",1,2023,"N_imm","Tanner","Tanner_N"
"1458",1,1975,"Spawner abundance","Tanner","Tanner_S"
"1459",0.817768248647666,1976,"Spawner abundance","Tanner","Tanner_S"
"1460",0.697540954096521,1977,"Spawner abundance","Tanner","Tanner_S"
"1461",0.575334545626122,1978,"Spawner abundance","Tanner","Tanner_S"
"1462",0.516304093729585,1979,"Spawner abundance","Tanner","Tanner_S"
"1463",0.570148219376893,1980,"Spawner abundance","Tanner","Tanner_S"
"1464",0.5594473405094,1981,"Spawner abundance","Tanner","Tanner_S"
"1465",0.486571213462795,1982,"Spawner abundance","Tanner","Tanner_S"
"1466",0.278420813509185,1983,"Spawner abundance","Tanner","Tanner_S"
"1467",0.254605644344768,1984,"Spawner abundance","Tanner","Tanner_S"
"1468",0.246580441310231,1985,"Spawner abundance","Tanner","Tanner_S"
"1469",0.272847536302616,1986,"Spawner abundance","Tanner","Tanner_S"
"1470",0.343598360195516,1987,"Spawner abundance","Tanner","Tanner_S"
"1471",0.456822204556338,1988,"Spawner abundance","Tanner","Tanner_S"
"1472",0.584770283157481,1989,"Spawner abundance","Tanner","Tanner_S"
"1473",0.662060858118584,1990,"Spawner abundance","Tanner","Tanner_S"
"1474",0.651972687101315,1991,"Spawner abundance","Tanner","Tanner_S"
"1475",0.630030784088983,1992,"Spawner abundance","Tanner","Tanner_S"
"1476",0.371192367052452,1993,"Spawner abundance","Tanner","Tanner_S"
"1477",0.323480764135348,1994,"Spawner abundance","Tanner","Tanner_S"
"1478",0.27583356708809,1995,"Spawner abundance","Tanner","Tanner_S"
"1479",0.209472495642316,1996,"Spawner abundance","Tanner","Tanner_S"
"1480",0.0860782437972415,1997,"Spawner abundance","Tanner","Tanner_S"
"1481",0.0894226106693389,1998,"Spawner abundance","Tanner","Tanner_S"
"1482",0.0903441987148399,1999,"Spawner abundance","Tanner","Tanner_S"
"1483",0.100078190487109,2000,"Spawner abundance","Tanner","Tanner_S"
"1484",0.118476746851197,2001,"Spawner abundance","Tanner","Tanner_S"
"1485",0.159101508621324,2002,"Spawner abundance","Tanner","Tanner_S"
"1486",0.21646678814222,2003,"Spawner abundance","Tanner","Tanner_S"
"1487",0.293476955959527,2004,"Spawner abundance","Tanner","Tanner_S"
"1488",0.363413703073772,2005,"Spawner abundance","Tanner","Tanner_S"
"1489",0.359114007269435,2006,"Spawner abundance","Tanner","Tanner_S"
"1490",0.307609299320294,2007,"Spawner abundance","Tanner","Tanner_S"
"1491",0.342072048280416,2008,"Spawner abundance","Tanner","Tanner_S"
"1492",0.361458696303278,2009,"Spawner abundance","Tanner","Tanner_S"
"1493",0.291747951309371,2010,"Spawner abundance","Tanner","Tanner_S"
"1494",0.260346081238007,2011,"Spawner abundance","Tanner","Tanner_S"
"1495",0.273313087650237,2012,"Spawner abundance","Tanner","Tanner_S"
"1496",0.359807207819006,2013,"Spawner abundance","Tanner","Tanner_S"
"1497",0.34754185157371,2014,"Spawner abundance","Tanner","Tanner_S"
"1498",0.30069129154182,2015,"Spawner abundance","Tanner","Tanner_S"
"1499",0.288951048960549,2016,"Spawner abundance","Tanner","Tanner_S"
"1500",0.244056600734503,2017,"Spawner abundance","Tanner","Tanner_S"
"1501",0.179223544237241,2018,"Spawner abundance","Tanner","Tanner_S"
"1502",0.0892954655045392,2019,"Spawner abundance","Tanner","Tanner_S"
"1503",0.0614503663396895,2020,"Spawner abundance","Tanner","Tanner_S"
"1504",0.0834714381895083,2021,"Spawner abundance","Tanner","Tanner_S"
"1505",0.100867185131388,2022,"Spawner abundance","Tanner","Tanner_S"
"1506",0.150910001999765,2023,"Spawner abundance","Tanner","Tanner_S"
