fishery,area,year,sex,maturity,shell condition,abundance,biomass (kg)
RKF,all EBS,1990,female,undetermined,new shell,13444,3093
RKF,all EBS,1991,female,undetermined,new shell,30804,8758
RKF,all EBS,1992,female,undetermined,new shell,13081,3776
RKF,all EBS,1993,female,undetermined,new shell,28926,8033
RKF,all EBS,1996,female,undetermined,new shell,0,0
RKF,all EBS,1997,female,undetermined,new shell,2372,603
RKF,all EBS,1998,female,undetermined,new shell,3651,985
RKF,all EBS,1999,female,undetermined,new shell,3398,649
RKF,all EBS,2000,female,undetermined,new shell,3092,781
RKF,all EBS,2001,female,undetermined,new shell,2116,508
RKF,all EBS,2002,female,undetermined,new shell,2285,489
RKF,all EBS,2003,female,undetermined,new shell,4232,986
RKF,all EBS,2004,female,undetermined,new shell,3198,718
RKF,all EBS,2005,female,undetermined,new shell,2386,496
RKF,all EBS,2006,female,undetermined,new shell,2779,943
RKF,all EBS,2007,female,undetermined,new shell,2020,563
RKF,all EBS,2008,female,undetermined,new shell,3330,927
RKF,all EBS,2009,female,undetermined,new shell,1033,228
RKF,all EBS,2010,female,undetermined,new shell,626,166
RKF,all EBS,2011,female,undetermined,new shell,130,34
RKF,all EBS,2012,female,undetermined,new shell,3929,1232
RKF,all EBS,2013,female,undetermined,new shell,3106,901
RKF,all EBS,2014,female,undetermined,new shell,2442,610
RKF,all EBS,2015,female,undetermined,new shell,13904,3648
RKF,all EBS,2016,female,undetermined,new shell,9224,2014
RKF,all EBS,2017,female,undetermined,new shell,3245,841
RKF,all EBS,2018,female,undetermined,new shell,205,89
RKF,all EBS,2019,female,undetermined,new shell,118,14
RKF,all EBS,2020,female,undetermined,new shell,269,59
RKF,all EBS,2021,female,undetermined,new shell,0,0
RKF,all EBS,2022,female,undetermined,new shell,0,0
RKF,all EBS,2023,female,undetermined,new shell,496,117
RKF,all EBS,2024,female,undetermined,new shell,81,24
RKF,all EBS,1990,female,undetermined,old shell,131075,32551
RKF,all EBS,1991,female,undetermined,old shell,63732,18427
RKF,all EBS,1992,female,undetermined,old shell,63226,15264
RKF,all EBS,1993,female,undetermined,old shell,538207,141264
RKF,all EBS,1996,female,undetermined,old shell,9176,2423
RKF,all EBS,1997,female,undetermined,old shell,4112,1061
RKF,all EBS,1998,female,undetermined,old shell,2921,670
RKF,all EBS,1999,female,undetermined,old shell,5097,1595
RKF,all EBS,2000,female,undetermined,old shell,2474,577
RKF,all EBS,2001,female,undetermined,old shell,1814,455
RKF,all EBS,2002,female,undetermined,old shell,4266,1091
RKF,all EBS,2003,female,undetermined,old shell,3128,861
RKF,all EBS,2004,female,undetermined,old shell,4087,932
RKF,all EBS,2005,female,undetermined,old shell,2254,495
RKF,all EBS,2006,female,undetermined,old shell,1516,538
RKF,all EBS,2007,female,undetermined,old shell,3386,859
RKF,all EBS,2008,female,undetermined,old shell,5828,1614
RKF,all EBS,2009,female,undetermined,old shell,3221,911
RKF,all EBS,2010,female,undetermined,old shell,1323,387
RKF,all EBS,2011,female,undetermined,old shell,130,38
RKF,all EBS,2012,female,undetermined,old shell,262,82
RKF,all EBS,2013,female,undetermined,old shell,1228,364
RKF,all EBS,2014,female,undetermined,old shell,1221,387
RKF,all EBS,2015,female,undetermined,old shell,8013,1933
RKF,all EBS,2016,female,undetermined,old shell,10507,2208
RKF,all EBS,2017,female,undetermined,old shell,2021,592
RKF,all EBS,2018,female,undetermined,old shell,205,42
RKF,all EBS,2019,female,undetermined,old shell,59,14
RKF,all EBS,2020,female,undetermined,old shell,0,0
RKF,all EBS,2021,female,undetermined,old shell,0,0
RKF,all EBS,2022,female,undetermined,old shell,0,0
RKF,all EBS,2023,female,undetermined,old shell,110,33
RKF,all EBS,2024,female,undetermined,old shell,81,27
RKF,all EBS,1990,male,undetermined,new shell,3154040,3482579
RKF,all EBS,1991,male,undetermined,new shell,1722153,1782865
RKF,all EBS,1992,male,undetermined,new shell,1187161,1109470
RKF,all EBS,1993,male,undetermined,new shell,2948584,2814399
RKF,all EBS,1996,male,undetermined,new shell,93067,86025
RKF,all EBS,1997,male,undetermined,new shell,39873,33834
RKF,all EBS,1998,male,undetermined,new shell,60202,45202
RKF,all EBS,1999,male,undetermined,new shell,93308,61028
RKF,all EBS,2000,male,undetermined,new shell,83338,60038
RKF,all EBS,2001,male,undetermined,new shell,44945,35433
RKF,all EBS,2002,male,undetermined,new shell,47241,37385
RKF,all EBS,2003,male,undetermined,new shell,44734,28657
RKF,all EBS,2004,male,undetermined,new shell,37387,24466
RKF,all EBS,2005,male,undetermined,new shell,39814,27798
RKF,all EBS,2006,male,undetermined,new shell,27840,19693
RKF,all EBS,2007,male,undetermined,new shell,49863,38781
RKF,all EBS,2008,male,undetermined,new shell,236648,239503
RKF,all EBS,2009,male,undetermined,new shell,146695,165674
RKF,all EBS,2010,male,undetermined,new shell,27564,22313
RKF,all EBS,2011,male,undetermined,new shell,17901,15441
RKF,all EBS,2012,male,undetermined,new shell,44081,34678
RKF,all EBS,2013,male,undetermined,new shell,139637,122633
RKF,all EBS,2014,male,undetermined,new shell,316590,282153
RKF,all EBS,2015,male,undetermined,new shell,204087,162922
RKF,all EBS,2016,male,undetermined,new shell,170444,117772
RKF,all EBS,2017,male,undetermined,new shell,139853,113315
RKF,all EBS,2018,male,undetermined,new shell,43522,36435
RKF,all EBS,2019,male,undetermined,new shell,7030,5715
RKF,all EBS,2020,male,undetermined,new shell,940,482
RKF,all EBS,2021,male,undetermined,new shell,59,33
RKF,all EBS,2022,male,undetermined,new shell,30,27
RKF,all EBS,2023,male,undetermined,new shell,11564,8527
RKF,all EBS,2024,male,undetermined,new shell,4138,3108
RKF,all EBS,1990,male,undetermined,old shell,316283,239830
RKF,all EBS,1991,male,undetermined,old shell,232142,187417
RKF,all EBS,1992,male,undetermined,old shell,287644,207220
RKF,all EBS,1993,male,undetermined,old shell,455123,316421
RKF,all EBS,1996,male,undetermined,old shell,165705,183952
RKF,all EBS,1997,male,undetermined,old shell,123748,126303
RKF,all EBS,1998,male,undetermined,old shell,71612,70014
RKF,all EBS,1999,male,undetermined,old shell,17977,14065
RKF,all EBS,2000,male,undetermined,old shell,10205,6359
RKF,all EBS,2001,male,undetermined,old shell,11161,6767
RKF,all EBS,2002,male,undetermined,old shell,35993,23868
RKF,all EBS,2003,male,undetermined,old shell,36601,26280
RKF,all EBS,2004,male,undetermined,old shell,40017,25295
RKF,all EBS,2005,male,undetermined,old shell,22014,13618
RKF,all EBS,2006,male,undetermined,old shell,17606,9822
RKF,all EBS,2007,male,undetermined,old shell,31351,21776
RKF,all EBS,2008,male,undetermined,old shell,51627,40398
RKF,all EBS,2009,male,undetermined,old shell,28716,20832
RKF,all EBS,2010,male,undetermined,old shell,12947,9607
RKF,all EBS,2011,male,undetermined,old shell,3125,2029
RKF,all EBS,2012,male,undetermined,old shell,9971,7435
RKF,all EBS,2013,male,undetermined,old shell,8420,6309
RKF,all EBS,2014,male,undetermined,old shell,28872,23256
RKF,all EBS,2015,male,undetermined,old shell,52200,42036
RKF,all EBS,2016,male,undetermined,old shell,81891,57920
RKF,all EBS,2017,male,undetermined,old shell,91725,70240
RKF,all EBS,2018,male,undetermined,old shell,44136,37582
RKF,all EBS,2019,male,undetermined,old shell,14060,12250
RKF,all EBS,2020,male,undetermined,old shell,6981,5781
RKF,all EBS,2021,male,undetermined,old shell,59,33
RKF,all EBS,2022,male,undetermined,old shell,30,18
RKF,all EBS,2023,male,undetermined,old shell,1267,781
RKF,all EBS,2024,male,undetermined,old shell,3327,2291
TCF,East 166W,1991,female,undetermined,new shell,2736188,678769
TCF,East 166W,1992,female,undetermined,new shell,350033,92266
TCF,East 166W,1993,female,undetermined,new shell,435929,107134
TCF,East 166W,1994,female,undetermined,new shell,336763,78081
TCF,East 166W,1995,female,undetermined,new shell,549543,109518
TCF,East 166W,1996,female,undetermined,new shell,1416,289
TCF,East 166W,2006,female,undetermined,new shell,98979,25726
TCF,East 166W,2007,female,undetermined,new shell,72294,16782
TCF,East 166W,2008,female,undetermined,new shell,21390,4993
TCF,East 166W,2009,female,undetermined,new shell,1671,475
TCF,East 166W,2013,female,undetermined,new shell,19835,5923
TCF,East 166W,2014,female,undetermined,new shell,18906,4705
TCF,East 166W,2015,female,undetermined,new shell,39748,8606
TCF,East 166W,2022,female,undetermined,new shell,7139,1449
TCF,East 166W,2023,female,undetermined,new shell,1045,304
TCF,East 166W,2024,female,undetermined,new shell,23185,4414
TCF,East 166W,1991,female,undetermined,old shell,2875657,766452
TCF,East 166W,1992,female,undetermined,old shell,4894813,1011732
TCF,East 166W,1993,female,undetermined,old shell,2993595,753005
TCF,East 166W,1994,female,undetermined,old shell,2939320,651192
TCF,East 166W,1995,female,undetermined,old shell,3508195,814678
TCF,East 166W,1996,female,undetermined,old shell,236444,56388
TCF,East 166W,2006,female,undetermined,old shell,88497,23106
TCF,East 166W,2007,female,undetermined,old shell,49307,12515
TCF,East 166W,2008,female,undetermined,old shell,6704,1666
TCF,East 166W,2009,female,undetermined,old shell,6800,1795
TCF,East 166W,2013,female,undetermined,old shell,22669,6183
TCF,East 166W,2014,female,undetermined,old shell,17756,4062
TCF,East 166W,2015,female,undetermined,old shell,79829,19615
TCF,East 166W,2022,female,undetermined,old shell,30341,6336
TCF,East 166W,2023,female,undetermined,old shell,7381,1764
TCF,East 166W,2024,female,undetermined,old shell,25761,5438
TCF,East 166W,1991,male,undetermined,new shell,22724201,17529168
TCF,East 166W,1992,male,undetermined,new shell,35003863,26165153
TCF,East 166W,1993,male,undetermined,new shell,11274844,8845027
TCF,East 166W,1994,male,undetermined,new shell,7594251,5963320
TCF,East 166W,1995,male,undetermined,new shell,1883551,1372751
TCF,East 166W,1996,male,undetermined,new shell,62817,38958
TCF,East 166W,2006,male,undetermined,new shell,945199,668239
TCF,East 166W,2007,male,undetermined,new shell,2253583,1457172
TCF,East 166W,2008,male,undetermined,new shell,1233186,1063950
TCF,East 166W,2009,male,undetermined,new shell,581107,633366
TCF,East 166W,2013,male,undetermined,new shell,760423,632207
TCF,East 166W,2014,male,undetermined,new shell,6747196,4726821
TCF,East 166W,2015,male,undetermined,new shell,9385558,6186342
TCF,East 166W,2022,male,undetermined,new shell,1059252,632250
TCF,East 166W,2023,male,undetermined,new shell,480622,364630
TCF,East 166W,2024,male,undetermined,new shell,627472,471158
TCF,East 166W,1991,male,undetermined,old shell,3067324,2067512
TCF,East 166W,1992,male,undetermined,old shell,5381075,3495253
TCF,East 166W,1993,male,undetermined,old shell,2162707,1364927
TCF,East 166W,1994,male,undetermined,old shell,1313209,994806
TCF,East 166W,1995,male,undetermined,old shell,4200412,3042464
TCF,East 166W,1996,male,undetermined,old shell,264728,189655
TCF,East 166W,2006,male,undetermined,old shell,558209,463906
TCF,East 166W,2007,male,undetermined,old shell,427699,321932
TCF,East 166W,2008,male,undetermined,old shell,144732,113832
TCF,East 166W,2009,male,undetermined,old shell,41477,31220
TCF,East 166W,2013,male,undetermined,old shell,138184,114006
TCF,East 166W,2014,male,undetermined,old shell,823114,579768
TCF,East 166W,2015,male,undetermined,old shell,878618,575094
TCF,East 166W,2022,male,undetermined,old shell,269795,161886
TCF,East 166W,2023,male,undetermined,old shell,74726,51405
TCF,East 166W,2024,male,undetermined,old shell,294454,216708
TCF,West 166W,1991,female,undetermined,new shell,714828,150659
TCF,West 166W,1992,female,undetermined,new shell,208712,43140
TCF,West 166W,1993,female,undetermined,new shell,30681,6695
TCF,West 166W,1994,female,undetermined,new shell,53205,11221
TCF,West 166W,1995,female,undetermined,new shell,230126,47186
TCF,West 166W,2005,female,undetermined,new shell,7524,1601
TCF,West 166W,2006,female,undetermined,new shell,99180,21690
TCF,West 166W,2007,female,undetermined,new shell,8019,1689
TCF,West 166W,2008,female,undetermined,new shell,502,92
TCF,West 166W,2013,female,undetermined,new shell,19340,4465
TCF,West 166W,2014,female,undetermined,new shell,41358,10101
TCF,West 166W,2015,female,undetermined,new shell,66572,13220
TCF,West 166W,2017,female,undetermined,new shell,24131,5386
TCF,West 166W,2018,female,undetermined,new shell,11843,2463
TCF,West 166W,2020,female,undetermined,new shell,97307,18902
TCF,West 166W,2021,female,undetermined,new shell,15173,2947
TCF,West 166W,2022,female,undetermined,new shell,2155,437
TCF,West 166W,2023,female,undetermined,new shell,8523,1763
TCF,West 166W,2024,female,undetermined,new shell,51409,10983
TCF,West 166W,1991,female,undetermined,old shell,1286455,290188
TCF,West 166W,1992,female,undetermined,old shell,2509896,556442
TCF,West 166W,1993,female,undetermined,old shell,603400,129433
TCF,West 166W,1994,female,undetermined,old shell,514315,101153
TCF,West 166W,1995,female,undetermined,old shell,453582,93554
TCF,West 166W,2005,female,undetermined,old shell,105038,22149
TCF,West 166W,2006,female,undetermined,old shell,245778,50597
TCF,West 166W,2007,female,undetermined,old shell,63673,13120
TCF,West 166W,2008,female,undetermined,old shell,6901,1403
TCF,West 166W,2013,female,undetermined,old shell,32233,6897
TCF,West 166W,2014,female,undetermined,old shell,92317,20366
TCF,West 166W,2015,female,undetermined,old shell,81672,16166
TCF,West 166W,2017,female,undetermined,old shell,157117,33103
TCF,West 166W,2018,female,undetermined,old shell,172218,32205
TCF,West 166W,2020,female,undetermined,old shell,73061,14434
TCF,West 166W,2021,female,undetermined,old shell,67056,13248
TCF,West 166W,2022,female,undetermined,old shell,26823,4998
TCF,West 166W,2023,female,undetermined,old shell,10876,2396
TCF,West 166W,2024,female,undetermined,old shell,105425,23613
TCF,West 166W,1991,male,undetermined,new shell,7454797,5710397
TCF,West 166W,1992,male,undetermined,new shell,8616536,6206948
TCF,West 166W,1993,male,undetermined,new shell,2041719,1448270
TCF,West 166W,1994,male,undetermined,new shell,622380,336429
TCF,West 166W,1995,male,undetermined,new shell,395676,187492
TCF,West 166W,1996,male,undetermined,new shell,3821,1867
TCF,West 166W,2005,male,undetermined,new shell,876816,608469
TCF,West 166W,2006,male,undetermined,new shell,490848,338420
TCF,West 166W,2007,male,undetermined,new shell,940010,599713
TCF,West 166W,2008,male,undetermined,new shell,143538,103671
TCF,West 166W,2013,male,undetermined,new shell,1127133,766756
TCF,West 166W,2014,male,undetermined,new shell,4453228,2708481
TCF,West 166W,2015,male,undetermined,new shell,8623770,5011841
TCF,West 166W,2017,male,undetermined,new shell,1384338,942763
TCF,West 166W,2018,male,undetermined,new shell,942271,579994
TCF,West 166W,2020,male,undetermined,new shell,2116338,1080511
TCF,West 166W,2021,male,undetermined,new shell,1360774,694753
TCF,West 166W,2022,male,undetermined,new shell,940011,502063
TCF,West 166W,2023,male,undetermined,new shell,937834,600050
TCF,West 166W,2024,male,undetermined,new shell,3170251,2029102
TCF,West 166W,1991,male,undetermined,old shell,755634,510252
TCF,West 166W,1992,male,undetermined,old shell,1719362,1140066
TCF,West 166W,1993,male,undetermined,old shell,304847,195654
TCF,West 166W,1994,male,undetermined,old shell,44456,20865
TCF,West 166W,1995,male,undetermined,old shell,697780,462802
TCF,West 166W,1996,male,undetermined,old shell,97822,69952
TCF,West 166W,2005,male,undetermined,old shell,127042,76119
TCF,West 166W,2006,male,undetermined,old shell,357675,240809
TCF,West 166W,2007,male,undetermined,old shell,119848,80166
TCF,West 166W,2008,male,undetermined,old shell,24290,15474
TCF,West 166W,2013,male,undetermined,old shell,215731,166345
TCF,West 166W,2014,male,undetermined,old shell,545320,348525
TCF,West 166W,2015,male,undetermined,old shell,817368,455709
TCF,West 166W,2017,male,undetermined,old shell,595170,419756
TCF,West 166W,2018,male,undetermined,old shell,1619570,1018430
TCF,West 166W,2020,male,undetermined,old shell,734810,466699
TCF,West 166W,2021,male,undetermined,old shell,206633,131238
TCF,West 166W,2022,male,undetermined,old shell,340458,174655
TCF,West 166W,2023,male,undetermined,old shell,222262,127403
TCF,West 166W,2024,male,undetermined,old shell,711114,417138
SCF,all EBS,1990,female,undetermined,new shell,315585,56453
SCF,all EBS,1991,female,undetermined,new shell,395828,76900
SCF,all EBS,1992,female,undetermined,new shell,137794,26463
SCF,all EBS,1993,female,undetermined,new shell,728098,125712
SCF,all EBS,1994,female,undetermined,new shell,106634,19804
SCF,all EBS,1995,female,undetermined,new shell,253175,41083
SCF,all EBS,1996,female,undetermined,new shell,75687,15160
SCF,all EBS,1997,female,undetermined,new shell,26068,4948
SCF,all EBS,1998,female,undetermined,new shell,6422,1329
SCF,all EBS,1999,female,undetermined,new shell,0,0
SCF,all EBS,2000,female,undetermined,new shell,12321,2959
SCF,all EBS,2001,female,undetermined,new shell,30412,5846
SCF,all EBS,2002,female,undetermined,new shell,32322,6385
SCF,all EBS,2003,female,undetermined,new shell,8902,1164
SCF,all EBS,2004,female,undetermined,new shell,74798,11907
SCF,all EBS,2005,female,undetermined,new shell,46233,8467
SCF,all EBS,2006,female,undetermined,new shell,14689,2531
SCF,all EBS,2007,female,undetermined,new shell,72409,14900
SCF,all EBS,2008,female,undetermined,new shell,27258,4133
SCF,all EBS,2009,female,undetermined,new shell,14736,2418
SCF,all EBS,2010,female,undetermined,new shell,6103,1118
SCF,all EBS,2011,female,undetermined,new shell,27720,5054
SCF,all EBS,2012,female,undetermined,new shell,18951,3258
SCF,all EBS,2013,female,undetermined,new shell,22233,4115
SCF,all EBS,2014,female,undetermined,new shell,73255,13898
SCF,all EBS,2015,female,undetermined,new shell,24798,4845
SCF,all EBS,2016,female,undetermined,new shell,28739,6556
SCF,all EBS,2017,female,undetermined,new shell,6766,1475
SCF,all EBS,2018,female,undetermined,new shell,1846,285
SCF,all EBS,2019,female,undetermined,new shell,6717,1175
SCF,all EBS,2020,female,undetermined,new shell,1759,475
SCF,all EBS,2021,female,undetermined,new shell,2033,548
SCF,all EBS,2024,female,undetermined,new shell,2715,706
SCF,all EBS,1990,female,undetermined,old shell,312955,49276
SCF,all EBS,1991,female,undetermined,old shell,356355,67123
SCF,all EBS,1992,female,undetermined,old shell,745525,136079
SCF,all EBS,1993,female,undetermined,old shell,1586803,274660
SCF,all EBS,1994,female,undetermined,old shell,1182280,174405
SCF,all EBS,1995,female,undetermined,old shell,474066,79817
SCF,all EBS,1996,female,undetermined,old shell,583587,104471
SCF,all EBS,1997,female,undetermined,old shell,510929,87708
SCF,all EBS,1998,female,undetermined,old shell,428674,79028
SCF,all EBS,1999,female,undetermined,old shell,62286,11190
SCF,all EBS,2000,female,undetermined,old shell,15220,3099
SCF,all EBS,2001,female,undetermined,old shell,87856,14684
SCF,all EBS,2002,female,undetermined,old shell,39668,7430
SCF,all EBS,2003,female,undetermined,old shell,37835,5847
SCF,all EBS,2004,female,undetermined,old shell,181440,27992
SCF,all EBS,2005,female,undetermined,old shell,43787,7791
SCF,all EBS,2006,female,undetermined,old shell,414359,82987
SCF,all EBS,2007,female,undetermined,old shell,191159,37163
SCF,all EBS,2008,female,undetermined,old shell,142398,20792
SCF,all EBS,2009,female,undetermined,old shell,82274,13256
SCF,all EBS,2010,female,undetermined,old shell,43116,8061
SCF,all EBS,2011,female,undetermined,old shell,45046,8218
SCF,all EBS,2012,female,undetermined,old shell,44220,7039
SCF,all EBS,2013,female,undetermined,old shell,68744,11515
SCF,all EBS,2014,female,undetermined,old shell,222710,36777
SCF,all EBS,2015,female,undetermined,old shell,63121,11973
SCF,all EBS,2016,female,undetermined,old shell,49694,10139
SCF,all EBS,2017,female,undetermined,old shell,32051,5366
SCF,all EBS,2018,female,undetermined,old shell,59610,8572
SCF,all EBS,2019,female,undetermined,old shell,87986,13919
SCF,all EBS,2020,female,undetermined,old shell,1759,242
SCF,all EBS,2021,female,undetermined,old shell,6679,919
SCF,all EBS,2024,female,undetermined,old shell,13994,2812
SCF,all EBS,1990,male,undetermined,new shell,11251785,6714661
SCF,all EBS,1991,male,undetermined,new shell,12607418,7523654
SCF,all EBS,1992,male,undetermined,new shell,4700917,1978539
SCF,all EBS,1993,male,undetermined,new shell,6189403,2638277
SCF,all EBS,1994,male,undetermined,new shell,2931375,1108420
SCF,all EBS,1995,male,undetermined,new shell,1839319,771093
SCF,all EBS,1996,male,undetermined,new shell,2834500,1438446
SCF,all EBS,1997,male,undetermined,new shell,2205807,1116788
SCF,all EBS,1998,male,undetermined,new shell,1062702,490542
SCF,all EBS,1999,male,undetermined,new shell,287721,112743
SCF,all EBS,2000,male,undetermined,new shell,563250,276303
SCF,all EBS,2001,male,undetermined,new shell,654816,290781
SCF,all EBS,2002,male,undetermined,new shell,334988,140713
SCF,all EBS,2003,male,undetermined,new shell,135943,51055
SCF,all EBS,2004,male,undetermined,new shell,316565,102157
SCF,all EBS,2005,male,undetermined,new shell,1773317,955488
SCF,all EBS,2006,male,undetermined,new shell,1167397,614064
SCF,all EBS,2007,male,undetermined,new shell,2803131,1365604
SCF,all EBS,2008,male,undetermined,new shell,1931886,888241
SCF,all EBS,2009,male,undetermined,new shell,2276005,1171281
SCF,all EBS,2010,male,undetermined,new shell,2291341,1244815
SCF,all EBS,2011,male,undetermined,new shell,3158439,1864632
SCF,all EBS,2012,male,undetermined,new shell,2223173,1230498
SCF,all EBS,2013,male,undetermined,new shell,3293787,1651325
SCF,all EBS,2014,male,undetermined,new shell,8337404,4169483
SCF,all EBS,2015,male,undetermined,new shell,6713788,3535427
SCF,all EBS,2016,male,undetermined,new shell,3205286,1665629
SCF,all EBS,2017,male,undetermined,new shell,1419524,771317
SCF,all EBS,2018,male,undetermined,new shell,1180861,636195
SCF,all EBS,2019,male,undetermined,new shell,1334572,653873
SCF,all EBS,2020,male,undetermined,new shell,219523,96978
SCF,all EBS,2021,male,undetermined,new shell,152448,67347
SCF,all EBS,2024,male,undetermined,new shell,116756,57725
SCF,all EBS,1990,male,undetermined,old shell,694670,366563
SCF,all EBS,1991,male,undetermined,old shell,1387819,836508
SCF,all EBS,1992,male,undetermined,old shell,1121915,508681
SCF,all EBS,1993,male,undetermined,old shell,651826,236131
SCF,all EBS,1994,male,undetermined,old shell,582034,236688
SCF,all EBS,1995,male,undetermined,old shell,583323,249937
SCF,all EBS,1996,male,undetermined,old shell,1081980,522276
SCF,all EBS,1997,male,undetermined,old shell,1491174,846885
SCF,all EBS,1998,male,undetermined,old shell,361876,165395
SCF,all EBS,1999,male,undetermined,old shell,49043,19036
SCF,all EBS,2000,male,undetermined,old shell,78409,36523
SCF,all EBS,2001,male,undetermined,old shell,541284,254527
SCF,all EBS,2002,male,undetermined,old shell,72605,26465
SCF,all EBS,2003,male,undetermined,old shell,36110,13688
SCF,all EBS,2004,male,undetermined,old shell,103228,32462
SCF,all EBS,2005,male,undetermined,old shell,408731,207355
SCF,all EBS,2006,male,undetermined,old shell,1529451,913184
SCF,all EBS,2007,male,undetermined,old shell,838564,495987
SCF,all EBS,2008,male,undetermined,old shell,431949,212029
SCF,all EBS,2009,male,undetermined,old shell,758577,388275
SCF,all EBS,2010,male,undetermined,old shell,385586,208446
SCF,all EBS,2011,male,undetermined,old shell,474650,276717
SCF,all EBS,2012,male,undetermined,old shell,566950,333846
SCF,all EBS,2013,male,undetermined,old shell,346744,190429
SCF,all EBS,2014,male,undetermined,old shell,2378977,1160558
SCF,all EBS,2015,male,undetermined,old shell,741676,383750
SCF,all EBS,2016,male,undetermined,old shell,1694698,910075
SCF,all EBS,2017,male,undetermined,old shell,574077,310342
SCF,all EBS,2018,male,undetermined,old shell,439954,243531
SCF,all EBS,2019,male,undetermined,old shell,653517,349442
SCF,all EBS,2020,male,undetermined,old shell,68953,33808
SCF,all EBS,2021,male,undetermined,old shell,31070,15234
SCF,all EBS,2024,male,undetermined,old shell,13159,7476
TCF,all EBS,1991,female,undetermined,new shell,3451016,829428
TCF,all EBS,1991,female,undetermined,old shell,4162112,1056640
TCF,all EBS,1991,male,undetermined,new shell,30178998,23239565
TCF,all EBS,1991,male,undetermined,old shell,3822958,2577764
TCF,all EBS,1992,female,undetermined,new shell,558745,135406
TCF,all EBS,1992,female,undetermined,old shell,7404709,1568174
TCF,all EBS,1992,male,undetermined,new shell,43620399,32372101
TCF,all EBS,1992,male,undetermined,old shell,7100437,4635319
TCF,all EBS,1993,female,undetermined,new shell,466610,113829
TCF,all EBS,1993,female,undetermined,old shell,3596995,882438
TCF,all EBS,1993,male,undetermined,new shell,13316563,10293297
TCF,all EBS,1993,male,undetermined,old shell,2467554,1560581
TCF,all EBS,1994,female,undetermined,new shell,389968,89302
TCF,all EBS,1994,female,undetermined,old shell,3453635,752345
TCF,all EBS,1994,male,undetermined,new shell,8216631,6299749
TCF,all EBS,1994,male,undetermined,old shell,1357665,1015671
TCF,all EBS,1995,female,undetermined,new shell,779669,156704
TCF,all EBS,1995,female,undetermined,old shell,3961777,908232
TCF,all EBS,1995,male,undetermined,new shell,2279227,1560243
TCF,all EBS,1995,male,undetermined,old shell,4898192,3505266
TCF,all EBS,1996,female,undetermined,new shell,1416,289
TCF,all EBS,1996,female,undetermined,old shell,236444,56388
TCF,all EBS,1996,male,undetermined,new shell,66638,40825
TCF,all EBS,1996,male,undetermined,old shell,362550,259607
TCF,all EBS,2005,female,undetermined,new shell,7524,1601
TCF,all EBS,2005,female,undetermined,old shell,105038,22149
TCF,all EBS,2005,male,undetermined,new shell,876816,608469
TCF,all EBS,2005,male,undetermined,old shell,127042,76119
TCF,all EBS,2006,female,undetermined,new shell,198159,47416
TCF,all EBS,2006,female,undetermined,old shell,334275,73703
TCF,all EBS,2006,male,undetermined,new shell,1436047,1006659
TCF,all EBS,2006,male,undetermined,old shell,915884,704715
TCF,all EBS,2007,female,undetermined,new shell,80313,18471
TCF,all EBS,2007,female,undetermined,old shell,112980,25635
TCF,all EBS,2007,male,undetermined,new shell,3193593,2056885
TCF,all EBS,2007,male,undetermined,old shell,547547,402098
TCF,all EBS,2008,female,undetermined,new shell,21892,5085
TCF,all EBS,2008,female,undetermined,old shell,13605,3069
TCF,all EBS,2008,male,undetermined,new shell,1376724,1167621
TCF,all EBS,2008,male,undetermined,old shell,169022,129306
TCF,all EBS,2009,female,undetermined,new shell,1671,475
TCF,all EBS,2009,female,undetermined,old shell,6800,1795
TCF,all EBS,2009,male,undetermined,new shell,581107,633366
TCF,all EBS,2009,male,undetermined,old shell,41477,31220
TCF,all EBS,2013,female,undetermined,new shell,39175,10388
TCF,all EBS,2013,female,undetermined,old shell,54902,13080
TCF,all EBS,2013,male,undetermined,new shell,1887556,1398963
TCF,all EBS,2013,male,undetermined,old shell,353915,280351
TCF,all EBS,2014,female,undetermined,new shell,60264,14806
TCF,all EBS,2014,female,undetermined,old shell,110073,24428
TCF,all EBS,2014,male,undetermined,new shell,11200424,7435302
TCF,all EBS,2014,male,undetermined,old shell,1368434,928293
TCF,all EBS,2015,female,undetermined,new shell,106320,21826
TCF,all EBS,2015,female,undetermined,old shell,161501,35781
TCF,all EBS,2015,male,undetermined,new shell,18009328,11198183
TCF,all EBS,2015,male,undetermined,old shell,1695986,1030803
TCF,all EBS,2017,female,undetermined,new shell,24131,5386
TCF,all EBS,2017,female,undetermined,old shell,157117,33103
TCF,all EBS,2017,male,undetermined,new shell,1384338,942763
TCF,all EBS,2017,male,undetermined,old shell,595170,419756
TCF,all EBS,2018,female,undetermined,new shell,11843,2463
TCF,all EBS,2018,female,undetermined,old shell,172218,32205
TCF,all EBS,2018,male,undetermined,new shell,942271,579994
TCF,all EBS,2018,male,undetermined,old shell,1619570,1018430
TCF,all EBS,2020,female,undetermined,new shell,97307,18902
TCF,all EBS,2020,female,undetermined,old shell,73061,14434
TCF,all EBS,2020,male,undetermined,new shell,2116338,1080511
TCF,all EBS,2020,male,undetermined,old shell,734810,466699
TCF,all EBS,2021,female,undetermined,new shell,15173,2947
TCF,all EBS,2021,female,undetermined,old shell,67056,13248
TCF,all EBS,2021,male,undetermined,new shell,1360774,694753
TCF,all EBS,2021,male,undetermined,old shell,206633,131238
TCF,all EBS,2022,female,undetermined,new shell,9294,1886
TCF,all EBS,2022,female,undetermined,old shell,57164,11334
TCF,all EBS,2022,male,undetermined,new shell,1999263,1134313
TCF,all EBS,2022,male,undetermined,old shell,610253,336541
TCF,all EBS,2023,female,undetermined,new shell,9568,2067
TCF,all EBS,2023,female,undetermined,old shell,18257,4160
TCF,all EBS,2023,male,undetermined,new shell,1418456,964680
TCF,all EBS,2023,male,undetermined,old shell,296988,178808
TCF,all EBS,2024,female,undetermined,new shell,74594,15397
TCF,all EBS,2024,female,undetermined,old shell,131186,29051
TCF,all EBS,2024,male,undetermined,new shell,3797723,2500260
TCF,all EBS,2024,male,undetermined,old shell,1005568,633846